Address,Status geocode,Formatted address,Latitude,Longitude,Type,Location Type,Street number,Street,Postal code,City,Country,Region,Department,Department number
Amtali,"2 found, use single geocode.","Amtali, Bangladesh",22.1339094,90.2361929,"locality, political",APPROXIMATE,,,,Amtali,Bangladesh,Barisal Division,Barguna District,Barguna District
Bamna,"3 found, use single geocode.","Bamna, Bangladesh",22.3128887,90.0910316,"locality, political",APPROXIMATE,,,,Bamna,Bangladesh,Barisal Division,Barguna District,Barguna District
Barguna-S,Ok,"Barguna Sadar Upazila, Bangladesh",22.1604747,90.1200741,"administrative_area_level_3, political",APPROXIMATE,,,,,Bangladesh,Barisal Division,Barguna District,Barguna District
Betagi,Ok,"Betagi, Bangladesh",22.4141607,90.1658856,"locality, political",APPROXIMATE,,,,Betagi,Bangladesh,Barisal Division,Barguna District,Barguna District
Patharghata,"3 found, use single geocode.","Patharghata, Bangladesh",22.0386917,89.9696802,"locality, political",APPROXIMATE,,,,Patharghata,Bangladesh,Barisal Division,Barguna District,Barguna District
Taltali,"2 found, use single geocode.","Taltali, Bangladesh",21.9850165,90.0863581,"locality, political",APPROXIMATE,,,,Taltali,Bangladesh,Barisal Division,Barguna District,Barguna District
Agailjhara,Ok,"Agailjhara, Bangladesh",22.9713291,90.1635442,"locality, political",APPROXIMATE,,,,Agailjhara,Bangladesh,Barisal Division,Barisal District,Barisal District
Babuganj,"3 found, use single geocode.","Babuganj, Bangladesh",22.8172374,90.3245891,"locality, political",APPROXIMATE,,,,Babuganj,Bangladesh,Barisal Division,Barisal District,Barisal District
Bakerganj,"2 found, use single geocode.","Bakergonj, Bangladesh",22.5405454,90.3383648,"locality, political",APPROXIMATE,,,,Bakergonj,Bangladesh,Barisal Division,Barisal District,Barisal District
Banaripara,"2 found, use single geocode.","Banaripara Upazila, Bangladesh",22.7779323,90.1622648,"administrative_area_level_3, political",APPROXIMATE,,,,,Bangladesh,Barisal Division,Barisal District,Barisal District
Barishal-S,"Ok, partial match","Barishal, Bangladesh",22.7010021,90.3534511,"locality, political",APPROXIMATE,,,,Barishal,Bangladesh,Barisal Division,Barisal District,Barisal District
Gouranadi,"Ok, partial match","Gaurnadi Upazila, Bangladesh",22.974329,90.2220861,"administrative_area_level_3, political",APPROXIMATE,,,,,Bangladesh,Barisal Division,Barisal District,Barisal District
Hizla,Ok,"Hizla Upazila,Bangladesh",22.92961233,90.44519546,"locality, political",APPROXIMATE,,,,Barishal,Bangladesh,Barisal Division,Barisal District,Barisal District
Mehendiganj,Ok,"Mehendiganj, Bangladesh",22.8260701,90.5269639,"locality, political",APPROXIMATE,,,,Mehendiganj,Bangladesh,Barisal Division,Barisal District,Barisal District
Muladi,Ok,"Muladi, Bangladesh",22.8875337,90.3889622,"locality, political",APPROXIMATE,,,,Muladi,Bangladesh,Barisal Division,Barisal District,Barisal District
Uzirpur,Ok,"Wazirpur, Bangladesh",22.8192933,90.2502697,"locality, political",APPROXIMATE,,,,Wazirpur,Bangladesh,Barisal Division,Barisal District,Barisal District
Bhola-S,"2 found, use single geocode.","Bhola, Bangladesh",22.6854694,90.6439027,"locality, political",APPROXIMATE,,,,Bhola,Bangladesh,Barisal Division,Bhola District,Bhola District
Borhanuddin,Ok,"Borhanuddin Upazila, Bangladesh",22.4974135,90.716473,"administrative_area_level_3, political",APPROXIMATE,,,,,Bangladesh,Barisal Division,Bhola District,Bhola District
Charfassion,"2 found, use single geocode.","Char Fasson, Bangladesh",22.1995354,90.7259605,"locality, political",APPROXIMATE,,,,Char Fasson,Bangladesh,Barisal Division,Bhola District,Bhola District
Daulatkhan,Ok,"Daulatkhan, Bangladesh",22.6051091,90.7413661,"locality, political",APPROXIMATE,,,,Daulatkhan,Bangladesh,Barisal Division,Bhola District,Bhola District
Lalmohan,Ok,"Lalmohan, Bangladesh",22.3410744,90.7318981,"locality, political",APPROXIMATE,,,,Lalmohan,Bangladesh,Barisal Division,Bhola District,Bhola District
Monpura,Ok,"Monpura, Bangladesh",22.26498486,90.96587286,"locality, political",APPROXIMATE,,,,,Bangladesh,Barisal Division,Bhola District,Bhola District
Tazumuddin,Ok,"Tazumuddin, Bangladesh",22.4179785,90.8508345,"locality, political",APPROXIMATE,,,,Tazumuddin,Bangladesh,Barisal Division,Bhola District,Bhola District
Jhalokathi-S,Ok,"Jhalokati District, Bangladesh",22.57208,90.1869644,"administrative_area_level_2, political",APPROXIMATE,,,,,Bangladesh,Barisal Division,Jhalokati District,Jhalokati District
Kathalia,"2 found, use single geocode.","Kathalia Upazila, Bangladesh",22.4410253,90.1406316,"administrative_area_level_3, political",APPROXIMATE,,,,,Bangladesh,Barisal Division,Jhalokati District,Jhalokati District
Nalchity,Ok,"Nalchity Upazila, Bangladesh",22.6282923,90.2688178,"administrative_area_level_3, political",APPROXIMATE,,,,,Bangladesh,Barisal Division,Jhalokati District,Jhalokati District
Rajapur,"3 found, use single geocode.","Rajapur, Bangladesh",22.57400836,90.14314354,"locality, political",APPROXIMATE,,,416702,Rajapur,Bangladesh,Barisal Division,Jhalokati District,Jhalokati District
Bauphal,Ok,"Bauphal, Bangladesh",22.4192529,90.5565138,"locality, political",APPROXIMATE,,,,Bauphal,Bangladesh,Barisal Division,Patuakhali District,Patuakhali District
Dashmina,Ok,"Dashmina, Bangladesh",22.2791401,90.5683399,"locality, political",APPROXIMATE,,,,Dashmina,Bangladesh,Barisal Division,Patuakhali District,Patuakhali District
Dumki,Ok,"Dumki Upazila, Bangladesh",22.4644533,90.3842527,"administrative_area_level_3, political",APPROXIMATE,,,,,Bangladesh,Barisal Division,Patuakhali District,Patuakhali District
Galachipa,Ok,"Galachipa, Bangladesh",22.1633734,90.4101619,"locality, political",APPROXIMATE,,,,Galachipa,Bangladesh,Barisal Division,Patuakhali District,Patuakhali District
Kalapara,"2 found, use single geocode.","Kalapara, Bangladesh",21.9848767,90.2315018,"locality, political",APPROXIMATE,,,,Kalapara,Bangladesh,Barisal Division,Patuakhali District,Patuakhali District
Mirzaganj,"2 found, use single geocode.","Mirzaganj,Bangladesh",22.36720772,90.2113579,"locality, political",APPROXIMATE,,,,Mirzaganj,Bangladesh,Barisal Division,Patuakhali District,Patuakhali District
Patuakhali-S,Ok,"Patuakhali Sadar Upazila, Bangladesh",22.3587792,90.3452381,"administrative_area_level_3, political",APPROXIMATE,,,,,Bangladesh,Barisal Division,Patuakhali District,Patuakhali District
Rangabali,"2 found, use single geocode.","Rangabali, Bangladesh",21.9397378,90.4408037,"locality, political",APPROXIMATE,,,,Rangabali,Bangladesh,Barisal Division,Patuakhali District,Patuakhali District
Bhandaria,"2 found, use single geocode.","Bhandaria, Bangladesh",22.4832118,90.0591175,"locality, political",APPROXIMATE,,,,Bhandaria,Bangladesh,Barisal Division,Pirojpur District,Pirojpur District
Kawkhali,"3 found, use single geocode.","Kaukhali, Kawkhali, Bangladesh",22.6258092,90.0700051,"political, sublocality, sublocality_level_1",APPROXIMATE,,,,Kawkhali,Bangladesh,Barisal Division,Pirojpur District,Pirojpur District
Mothbaria,"2 found, use single geocode.","Mathbaria, Bangladesh",22.2920455,89.9580123,"locality, political",APPROXIMATE,,,,Mathbaria,Bangladesh,Barisal Division,Pirojpur District,Pirojpur District
Nazirpur,"2 found, use single geocode.","Nazirpur, Bangladesh",22.7867163,89.9813445,"administrative_area_level_3, political",APPROXIMATE,,,,,Bangladesh,Barisal Division,Pirojpur District,Pirojpur District
Nesarabad,Ok,"Swarupkathi, Bangladesh",22.7449644,90.1167463,"locality, political",APPROXIMATE,,,,Swarupkathi,Bangladesh,Barisal Division,Pirojpur District,Pirojpur District
Pirojpur-S,Ok,"Pirojpur Sadar Upazila, Bangladesh",22.5841393,89.9720764,"administrative_area_level_3, political",APPROXIMATE,,,,,Bangladesh,Barisal Division,Pirojpur District,Pirojpur District
Zianagar,"2 found, use single geocode.","Zianagar, Bangladesh",22.4857641,89.9603461,"locality, political",APPROXIMATE,,,,Zianagar,Bangladesh,Barisal Division,Pirojpur District,Pirojpur District
Akhaura,Ok,"Akhaura, Bangladesh",23.8686193,91.2097291,"locality, political",APPROXIMATE,,,,Akhaura,Bangladesh,Chittagong Division,Brahmanbaria District,Brahmanbaria District
Ashuganj,"2 found, use single geocode.","Ashuganj, Bangladesh",24.0277383,90.9964085,"locality, political",APPROXIMATE,,,,Ashuganj,Bangladesh,Chittagong Division,Brahmanbaria District,Brahmanbaria District
B.Baria-S,Ok,"Brahmanbaria District, Bangladesh",23.9608181,91.1115014,"administrative_area_level_2, political",APPROXIMATE,,,,,Bangladesh,Chittagong Division,Brahmanbaria District,Brahmanbaria District
Bancharampur,"2 found, use single geocode.","Bancharampur, Bangladesh",23.7753335,90.803813,"locality, political",APPROXIMATE,,,,Bancharampur,Bangladesh,Chittagong Division,Brahmanbaria District,Brahmanbaria District
Bijoynagar,"2 found, use single geocode.","Bijoynagar, Bangladesh",24.0141859,91.2265536,"locality, political",APPROXIMATE,,,,Bijoynagar,Bangladesh,Chittagong Division,Brahmanbaria District,Brahmanbaria District
Kasba,"4 found, use single geocode.","Kasba,Bangladesh",23.74848704,91.12556892,"locality, political",APPROXIMATE,,,,,Bangladesh,Chittagong Division,Brahmanbaria District,Brahmanbaria District
Nabinagar,"2 found, use single geocode.","Nabinagar,Bangladesh",23.88868174,90.96052468,"locality, political",APPROXIMATE,,,824301,Nabinagar,Bangladesh,Chittagong Division,Brahmanbaria District,Brahmanbaria District
Nasirnagar,"2 found, use single geocode.","Nasirnagar, Bangladesh",24.19575,91.1953135,"locality, political",APPROXIMATE,,,,Nasirnagar,Bangladesh,Chittagong Division,Brahmanbaria District,Brahmanbaria District
Sarail,Ok,"Sarail, Bangladesh",24.0745179,91.1113216,"locality, political",APPROXIMATE,,,,Sarail,Bangladesh,Chittagong Division,Brahmanbaria District,Brahmanbaria District
Alikadam,Ok,"Alikadam, Bangladesh",21.6530087,92.3147677,"locality, political",APPROXIMATE,,,,Alikadam,Bangladesh,Chittagong Division,Bandarban District,Bandarban District
Bandarban-S,"2 found, use single geocode.","Bandarban, Bangladesh",22.1935628,92.2187476,"locality, political",APPROXIMATE,,,,Bandarban,Bangladesh,Chittagong Division,Bandarban District,Bandarban District
Lama,Ok,"Lama,Bangladesh",21.77442345,92.19687089,"locality, political",APPROXIMATE,,,,,Bangladesh,Chittagong Division,Bandarban District,Bandarban District
Naikhyongchari,"Ok, partial match","Naikhongchari, Bangladesh",21.4269481,92.1757278,"locality, political",APPROXIMATE,,,,Naikhongchari,Bangladesh,Chittagong Division,Bandarban District,Bandarban District
Rowangchari,Ok,"Rowangchhari Upazila, Bangladesh",22.1832381,92.3366846,"administrative_area_level_3, political",APPROXIMATE,,,,,Bangladesh,Chittagong Division,Bandarban District,Bandarban District
Ruma,Ok,"Ruma, Bangladesh",22.05113211,92.41030187,"locality, political",APPROXIMATE,,,,Ruma,Bangladesh,Chittagong Division,Bandarban District,Bandarban District
Thanchi,Ok,"Thanchi, Bangladesh",21.8210961,92.435696,"locality, political",APPROXIMATE,,,,Thanchi,Bangladesh,Chittagong Division,Bandarban District,Bandarban District
Chandpur-S,Ok,"Chandpur, Bangladesh",23.2320991,90.663075,"locality, political",APPROXIMATE,,,,Chandpur,Bangladesh,Chittagong Division,Chandpur District,Chandpur District
Faridganj,Ok,"Faridganj, Bangladesh",23.1274882,90.7509045,"locality, political",APPROXIMATE,,,,Faridganj,Bangladesh,Chittagong Division,Chandpur District,Chandpur District
Haimchar,Ok,"Haimchar Upazila, Bangladesh",23.0595392,90.5919691,"administrative_area_level_3, political",APPROXIMATE,,,,,Bangladesh,Chittagong Division,Chandpur District,Chandpur District
Haziganj,Ok,"Haziganj, Bangladesh",23.2520414,90.8508345,"locality, political",APPROXIMATE,,,,Haziganj,Bangladesh,Chittagong Division,Chandpur District,Chandpur District
Kachua,Ok,"Kachua, Bangladesh",23.341144,90.8889678,"locality, political",APPROXIMATE,,,,Kachua,Bangladesh,Chittagong Division,Chandpur District,Chandpur District
Matlab (Dakshin),Ok,"Matlab Dakshin Upazila, Bangladesh",23.3449028,90.7091067,"administrative_area_level_3, political",APPROXIMATE,,,,,Bangladesh,Chittagong Division,Chandpur District,Chandpur District
Matlab (Uttar),Ok,"Matlab Uttar Upazila, Bangladesh",23.3837473,90.6181279,"administrative_area_level_3, political",APPROXIMATE,,,,,Bangladesh,Chittagong Division,Chandpur District,Chandpur District
Shahrasti,Ok,"Shahrasti, Bangladesh",23.2306433,90.9486223,"locality, political",APPROXIMATE,,,,Shahrasti,Bangladesh,Chittagong Division,Chandpur District,Chandpur District
Anwara,Ok,"Anwara, Bangladesh",22.2337164,91.8659809,"locality, political",APPROXIMATE,,,,Anwara,Bangladesh,Chittagong Division,Chittagong District,Chittagong District
Banskhali,Ok,"Banshkhali Upazila, Bangladesh",22.0254192,91.9463185,"administrative_area_level_3, political",APPROXIMATE,,,,,Bangladesh,Chittagong Division,Chittagong District,Chittagong District
Boalkhali,Ok,"Boalkhali, Bangladesh",22.3791057,91.9172519,"locality, political",APPROXIMATE,,,,Boalkhali,Bangladesh,Chittagong Division,Chittagong District,Chittagong District
Chandanish,"2 found, use single geocode.","Chandanaish, Bangladesh",22.2438942,92.0126276,"locality, political",APPROXIMATE,,,,Chandanaish,Bangladesh,Chittagong Division,Chittagong District,Chittagong District
Fatikchari,Ok,"Fatikchhari Upazila, Bangladesh",22.7587557,91.7388135,"administrative_area_level_3, political",APPROXIMATE,,,,,Bangladesh,Chittagong Division,Chittagong District,Chittagong District
Hathazari,Ok,"Hathazari, Bangladesh",22.5084634,91.8074586,"locality, political",APPROXIMATE,,,,Hathazari,Bangladesh,Chittagong Division,Chittagong District,Chittagong District
Karnaphuli,Ok,"Karnaphuli River, Bangladesh",22.58188252,92.10685573,"establishment, natural_feature",APPROXIMATE,,,,,Bangladesh,Chittagong Division,,
Lohagara,"2 found, use single geocode.","Lohagara, Bangladesh",22.0401954,92.1008486,"locality, political",APPROXIMATE,,,,Lohagara,Bangladesh,Chittagong Division,Chittagong District,Chittagong District
Mirsharai,Ok,"Mirsharai, Bangladesh",22.773039,91.5741517,"locality, political",APPROXIMATE,,,,Mirsharai,Bangladesh,Chittagong Division,Chittagong District,Chittagong District
Patiya,"3 found, use single geocode.","Patiya, Bangladesh",22.2949889,91.9759204,"locality, political",APPROXIMATE,,,,Patiya,Bangladesh,Chittagong Division,Chittagong District,Chittagong District
Rangunia,"2 found, use single geocode.","Rangunia, Bangladesh",22.4698078,92.0518154,"locality, political",APPROXIMATE,,,,Rangunia,Bangladesh,Chittagong Division,Chittagong District,Chittagong District
Raojan,"2 found, use single geocode.","Raozan Upazila, Bangladesh",22.5348906,91.9104006,"administrative_area_level_3, political",APPROXIMATE,,,,,Bangladesh,Chittagong Division,Chittagong District,Chittagong District
Sandwip,Ok,"Sandwip, Bangladesh",22.4937132,91.5015009,"establishment, natural_feature",APPROXIMATE,,,,,Bangladesh,Chittagong Division,,
Satkania,"2 found, use single geocode.","Satkania Upazila, Bangladesh",22.1000226,92.0812156,"administrative_area_level_3, political",APPROXIMATE,,,,,Bangladesh,Chittagong Division,Chittagong District,Chittagong District
Sitakunda,"2 found, use single geocode.","Sitakund, Bangladesh",22.6170686,91.6809283,"locality, political",APPROXIMATE,,,,Sitakund,Bangladesh,Chittagong Division,Chittagong District,Chittagong District
Chakoria,Ok,"Chakaria Upazila, Bangladesh",21.7250394,92.0469151,"administrative_area_level_3, political",APPROXIMATE,,,,,Bangladesh,Chittagong Division,Cox's Bazar District,Cox's Bazar District
Cox'S Bazar-S,Ok,"Cox's Bazar, Bangladesh",21.4272283,92.0058074,"locality, political",APPROXIMATE,,,,Cox's Bazar,Bangladesh,Chittagong Division,Cox's Bazar District,Cox's Bazar District
Kutubdia,Ok,"Kutubdia Upazila, Kutubdia, Bangladesh",21.816667,91.858333,"establishment, natural_feature",APPROXIMATE,,,,Kutubdia,Bangladesh,Chittagong Division,Cox's Bazar District,Cox's Bazar District
Moheskhali,"Ok, partial match","Moheskhali Upazila, Bangladesh",21.5373654,91.9417617,"administrative_area_level_3, political",APPROXIMATE,,,,,Bangladesh,Chittagong Division,Cox's Bazar District,Cox's Bazar District
Pekua,"2 found, use single geocode.","Pekua, Bangladesh",21.8327393,91.9573985,"locality, political",APPROXIMATE,,,,Pekua,Bangladesh,Chittagong Division,Cox's Bazar District,Cox's Bazar District
Ramu,"2 found, use single geocode.","Ramu Upazila, Bangladesh",21.4380193,92.1253854,"administrative_area_level_3, political",APPROXIMATE,,,,,Bangladesh,Chittagong Division,Cox's Bazar District,Cox's Bazar District
Teknaf,"2 found, use single geocode.","Teknaf, Bangladesh",20.8578385,92.2975183,"locality, political",APPROXIMATE,,,,Teknaf,Bangladesh,Chittagong Division,Cox's Bazar District,Cox's Bazar District
Ukhiya,Ok,"Ukhiya Upazila, Bangladesh",21.2446617,92.1389158,"administrative_area_level_3, political",APPROXIMATE,,,,,Bangladesh,Chittagong Division,Cox's Bazar District,Cox's Bazar District
Barura,"2 found, use single geocode.","Barura, Bangladesh",23.3773279,91.0550222,"locality, political",APPROXIMATE,,,,Barura,Bangladesh,Chittagong Division,Comilla District,Comilla District
Brahmanpara,Ok,"Brahmanpara, Bangladesh",23.6225266,91.1017334,"locality, political",APPROXIMATE,,,,Brahmanpara,Bangladesh,Chittagong Division,Comilla District,Comilla District
Burichong,Ok,"Burichang Upazila, Bangladesh",23.5534788,91.1266892,"administrative_area_level_3, political",APPROXIMATE,,,,,Bangladesh,Chittagong Division,Comilla District,Comilla District
Chandina,Ok,"Chandina, Bangladesh",23.4892481,91.0083637,"locality, political",APPROXIMATE,,,,Chandina,Bangladesh,Chittagong Division,Comilla District,Comilla District
Chouddagram,"3 found, use single geocode.","Chauddagram, Bangladesh",23.228035,91.3131861,"locality, political",APPROXIMATE,,,,Chauddagram,Bangladesh,Chittagong Division,Comilla District,Comilla District
Cumilla-S,"5 found, use single geocode.","Cumilla, Bangladesh",23.4606574,91.1809065,"locality, political",APPROXIMATE,,,,Cumilla,Bangladesh,Chittagong Division,Comilla District,Comilla District
Cumilla-S Daksin,"2 found, use single geocode.","Cumilla, Bangladesh",23.4606574,91.1809065,"locality, political",APPROXIMATE,,,,Cumilla,Bangladesh,Chittagong Division,Comilla District,Comilla District
Daudkandi,"2 found, use single geocode.","Daudkandi, Bangladesh",23.5337738,90.7247008,"locality, political",APPROXIMATE,,,,Daudkandi,Bangladesh,Chittagong Division,Comilla District,Comilla District
Debidwar,"2 found, use single geocode.","Debidwar, Bangladesh",23.6114537,90.9772874,"locality, political",APPROXIMATE,,,,Debidwar,Bangladesh,Chittagong Division,Comilla District,Comilla District
Homna,Ok,"Homna, Bangladesh",23.6824728,90.7832908,"locality, political",APPROXIMATE,,,,Homna,Bangladesh,Chittagong Division,Comilla District,Comilla District
Laksham,Ok,"Laksam Upazila, Bangladesh",23.2448524,91.1211746,"administrative_area_level_3, political",APPROXIMATE,,,,,Bangladesh,Chittagong Division,Comilla District,Comilla District
Lalmai,Ok,"Lalmai,Bangladesh",23.35896369,91.14666095,"locality, political",APPROXIMATE,,,,,Bangladesh,Chittagong Division,Comilla District,Comilla District
Meghna,Ok,"Meghna,Bangladesh",23.62555363,90.70070033,"locality, political",APPROXIMATE,,,,,Bangladesh,Chittagong Division,Comilla District,Comilla District
Monohorganj,"Ok, partial match","Manoharganj Upazila, Bangladesh",23.1122951,91.1158319,"administrative_area_level_3, political",APPROXIMATE,,,,,Bangladesh,Chittagong Division,Comilla District,Comilla District
Muradnagar,"3 found, use single geocode.","Muradnagar,Bangladesh",23.71489019,90.9439975,"locality, political",APPROXIMATE,,,201206,Muradnagar,Bangladesh,Chittagong Division,Comilla District,Comilla District
Nangalkot,Ok,"Nangalkot, Bangladesh",23.1694062,91.1977158,"locality, political",APPROXIMATE,,,,Nangalkot,Bangladesh,Chittagong Division,Comilla District,Comilla District
Titas,Ok,"Titas,Bangladesh",23.60013341,90.8172896,"locality, political",APPROXIMATE,,,,,Bangladesh,Chittagong Division,Comilla District,Comilla District
Chhagalniya,"2 found, use single geocode.","Chhagalnaiya, Bangladesh",23.0386278,91.5184418,"locality, political",APPROXIMATE,,,,Chhagalnaiya,Bangladesh,Chittagong Division,Feni District,Feni District
Daganbhuiyan,"2 found, use single geocode.","Daganbhuiyan, Bangladesh",22.9123584,91.3180042,"locality, political",APPROXIMATE,,,,Daganbhuiyan,Bangladesh,Chittagong Division,Feni District,Feni District
Feni,"4 found, use single geocode.","Feni,Bangladesh",23.02124302,91.3963966,"locality, political",APPROXIMATE,,,,Feni,Bangladesh,Chittagong Division,Feni District,Feni District
Fulgazi,"2 found, use single geocode.","Fulgazi, Bangladesh",23.1554497,91.4325717,"locality, political",APPROXIMATE,,,,Fulgazi,Bangladesh,Chittagong Division,Feni District,Feni District
Porshuram,Ok,"Parshuram Upazila, Bangladesh",23.2134267,91.4446255,"administrative_area_level_3, political",APPROXIMATE,,,,,Bangladesh,Chittagong Division,Feni District,Feni District
Sonagazi,"2 found, use single geocode.","Sonagazi Municipality, Bangladesh",22.8491794,91.3927559,"locality, political",APPROXIMATE,,,,Sonagazi Municipality,Bangladesh,Chittagong Division,Feni District,Feni District
Dighinala,Ok,"Dighinala, Bangladesh",23.2408468,92.0640687,"locality, political",APPROXIMATE,,,,Dighinala,Bangladesh,Chittagong Division,Khagrachari District,Khagrachari District
Guimara,Ok,"Guimara, Bangladesh",22.9603925,91.8695046,"locality, political",APPROXIMATE,,,,Guimara,Bangladesh,Chittagong Division,Khagrachari District,Khagrachari District
Khagrachari-S,"2 found, use single geocode.","Khagrachari, Bangladesh",23.1117407,91.9888247,"locality, political",APPROXIMATE,,,,Khagrachari,Bangladesh,Chittagong Division,Khagrachari District,Khagrachari District
Laxmichari,Ok,"Lakshmichhari, Bangladesh",22.7961681,91.9123664,"locality, political",APPROXIMATE,,,,Lakshmichhari,Bangladesh,Chittagong Division,Khagrachari District,Khagrachari District
Mahalchari,"Ok, partial match","Mahalchhari, Bangladesh",22.9316977,92.029768,"locality, political",APPROXIMATE,,,,Mahalchhari,Bangladesh,Chittagong Division,Khagrachari District,Khagrachari District
Manikchari,Ok,"Manikchari, Bangladesh",22.8417234,91.83671,"locality, political",APPROXIMATE,,,,Manikchari,Bangladesh,Chittagong Division,Khagrachari District,Khagrachari District
Matiranga,Ok,"Matiranga, Bangladesh",23.0407988,91.8733017,"locality, political",APPROXIMATE,,,,Matiranga,Bangladesh,Chittagong Division,Khagrachari District,Khagrachari District
Panchari,Ok,"Panchari,Bangladesh",23.3028702,91.89895546,"locality, political",APPROXIMATE,,,,Panchari,Bangladesh,Chittagong Division,Khagrachari District,Khagrachari District
Ramgarh,"2 found, use single geocode.","Ramgarh,Bangladesh ",23.00913955,91.74034963,"locality, political",APPROXIMATE,,,,Ramgarh Cantonment,Bangladesh,Chittagong Division,Khagrachari District,Khagrachari District
Kamalnagar,"2 found, use single geocode.","Kamalnagar,Bangladesh",22.5931811,90.99394972,"political, sublocality, sublocality_level_2",APPROXIMATE,,,,,Bangladesh,Chittagong Division,Lakshmipur District,Lakshmipur District
Lakshmipur-Sadar,"9 found, use single geocode.","Lakshmipur,Bangladesh",22.95374511,90.86731182,"locality, political",APPROXIMATE,,,,Lakshmipur,Bangladesh,Chittagong Division,Lakshmipur District,Lakshmipur District
Raipur,Ok,"Raipur, Bangladesh",23.03671742,90.76076459,"locality, political",APPROXIMATE,,,,Raipur,Bangladesh,Chittagong Division,Lakshmipur District,Lakshmipur District
Ramganj,"3 found, use single geocode.","Ramganj, Bangladesh",23.1001185,90.8627473,"locality, political",APPROXIMATE,,,,Ramganj,Bangladesh,Chittagong Division,Lakshmipur District,Lakshmipur District
Ramgati,"2 found, use single geocode.","Ramgati Upazila, Bangladesh",22.7451822,90.9318234,"administrative_area_level_3, political",APPROXIMATE,,,,,Bangladesh,Chittagong Division,Lakshmipur District,Lakshmipur District
Begumganj,"2 found, use single geocode.","Begumganj, Bangladesh",22.9319328,91.0921473,"locality, political",APPROXIMATE,,,,Begumganj,Bangladesh,Chittagong Division,Noakhali District,Noakhali District
Chatkhil,"2 found, use single geocode.","Chatkhil, Bangladesh",23.0518075,90.9772874,"locality, political",APPROXIMATE,,,,Chatkhil,Bangladesh,Chittagong Division,Noakhali District,Noakhali District
Companiganj,"2 found, use single geocode.","Companiganj Upazila, Bangladesh",22.8736722,91.2779445,"administrative_area_level_3, political",APPROXIMATE,,,,,Bangladesh,Chittagong Division,Noakhali District,Noakhali District
Hatiya,"2 found, use single geocode.","Hatiya, Bangladesh",22.2880698,91.1400998,"locality, political",APPROXIMATE,,,,Hatiya,Bangladesh,Chittagong Division,Noakhali District,Noakhali District
Kabir Hat,Ok,"Kabirhat, Bangladesh",22.7956429,91.1989169,"locality, political",APPROXIMATE,,,,Kabirhat,Bangladesh,Chittagong Division,Noakhali District,Noakhali District
Noakhali-S,"2 found, use single geocode.","Noakhali, Bangladesh",22.8246384,91.1017334,"locality, political",APPROXIMATE,,,,Noakhali,Bangladesh,Chittagong Division,Noakhali District,Noakhali District
Senbag,"2 found, use single geocode.","Senbag, Bangladesh",22.9874868,91.2337661,"locality, political",APPROXIMATE,,,,Senbag,Bangladesh,Chittagong Division,Noakhali District,Noakhali District
Sonaimuri,Ok,"Sonaimuri, Bangladesh",23.0509273,91.1113216,"locality, political",APPROXIMATE,,,,Sonaimuri,Bangladesh,Chittagong Division,Noakhali District,Noakhali District
Subarna Char,Ok,"Subarnachar Upazila, Bangladesh",22.6755632,91.1256666,"administrative_area_level_3, political",APPROXIMATE,,,,,Bangladesh,Chittagong Division,Noakhali District,Noakhali District
Baghaichari,Ok,"Baghaichhari Upazila, Bangladesh",23.1649165,92.1913643,"administrative_area_level_3, political",APPROXIMATE,,,,,Bangladesh,Chittagong Division,Rangamati Hill District,Rangamati Hill District
Barkal,"2 found, use single geocode.","Barkal Upazila,Bangladesh",22.7261595,92.37928328,"locality, political",APPROXIMATE,,,,Barkal,Bangladesh,Chittagong Division,Rangamati Hill District,Rangamati Hill District
Belaichari,"2 found, use single geocode.","Belaichari, Bangladesh",22.5117427,92.3436747,"locality, political",APPROXIMATE,,,,Belaichari,Bangladesh,Chittagong Division,Rangamati Hill District,Rangamati Hill District
Juraichari,Ok,"Juraichhari, Bangladesh",22.6708223,92.3788939,"locality, political",APPROXIMATE,,,,Juraichhari,Bangladesh,Chittagong Division,Rangamati Hill District,Rangamati Hill District
Kaptai,Ok,"Kaptai, Bangladesh",22.4943822,92.2212071,"locality, political",APPROXIMATE,,,,Kaptai,Bangladesh,Chittagong Division,Rangamati Hill District,Rangamati Hill District
Kaukhali,"2 found, use single geocode.","Kaukhali, Kawkhali, Bangladesh",22.6258092,90.0700051,"political, sublocality, sublocality_level_1",APPROXIMATE,,,,Kawkhali,Bangladesh,Barisal Division,Pirojpur District,Pirojpur District
Langadu,"3 found, use single geocode.","Langadu, Bangladesh",22.89933,92.153458,"locality, political",APPROXIMATE,,,,Langadu,Bangladesh,Chittagong Division,Rangamati Hill District,Rangamati Hill District
Nanniarchar,"Ok, partial match","Naniarchar, Bangladesh",22.862167,92.1106617,"locality, political",APPROXIMATE,,,,Naniarchar,Bangladesh,Chittagong Division,Rangamati Hill District,Rangamati Hill District
Rajosthali,Ok,"Rajasthali Upazila, Bangladesh",22.3762383,92.1522805,"administrative_area_level_3, political",APPROXIMATE,,,,,Bangladesh,Chittagong Division,Rangamati Hill District,Rangamati Hill District
Rangamati-S,"2 found, use single geocode.","Rangamati, Bangladesh",22.6533198,92.1788581,"locality, political",APPROXIMATE,,,,Rangamati,Bangladesh,Chittagong Division,Rangamati Hill District,Rangamati Hill District
Dhamrai,"2 found, use single geocode.","Dhamrai, Bangladesh",23.9148319,90.2174318,"locality, political",APPROXIMATE,,,,Dhamrai,Bangladesh,Dhaka Division,Dhaka District,Dhaka District
Dohar,Ok,"Dohar, Bangladesh",23.6181867,90.1196695,"locality, political",APPROXIMATE,,,,Dohar,Bangladesh,Dhaka Division,Manikganj District,Manikganj District
Keraniganj,"2 found, use single geocode.","Keraniganj, Bangladesh",23.7012425,90.3975717,"locality, political",APPROXIMATE,,,,Keraniganj,Bangladesh,Dhaka Division,Dhaka District,Dhaka District
Nawabganj,"3 found, use single geocode.","Nawabganj, Bangladesh",23.653123,90.1518394,"locality, political",APPROXIMATE,,,,Nawabganj,Bangladesh,Dhaka Division,Dhaka District,Dhaka District
Savar,"3 found, use single geocode.","Savar Union, Bangladesh",23.8478798,90.2575646,"locality, political",APPROXIMATE,,,,Savar Union,Bangladesh,Dhaka Division,Dhaka District,Dhaka District
Alfadanga,"2 found, use single geocode.","Alfadanga, Bangladesh",23.2897824,89.702771,"locality, political",APPROXIMATE,,,,Alfadanga,Bangladesh,Dhaka Division,Faridpur District,Faridpur District
Bhanga,"2 found, use single geocode.","Bhanga, Bangladesh",23.3853306,89.9836769,"locality, political",APPROXIMATE,,,,Bhanga,Bangladesh,Dhaka Division,Faridpur District,Faridpur District
Boalmari,"2 found, use single geocode.","Boalmari, Bangladesh",23.3909677,89.6839714,"locality, political",APPROXIMATE,,,,Boalmari,Bangladesh,Dhaka Division,Faridpur District,Faridpur District
Charbhadrasan,"2 found, use single geocode.","Charbhadrasan, Bangladesh",23.566898,89.995337,"locality, political",APPROXIMATE,,,,Charbhadrasan,Bangladesh,Dhaka Division,Faridpur District,Faridpur District
Faridpur-S,"2 found, use single geocode.","Faridpur, Bangladesh",23.6018691,89.8333382,"locality, political",APPROXIMATE,,,,Faridpur,Bangladesh,Dhaka Division,Faridpur District,Faridpur District
Madhukhali,"2 found, use single geocode.","Madhukhali, Bangladesh",23.5441366,89.6286955,"locality, political",APPROXIMATE,,,,Madhukhali,Bangladesh,Dhaka Division,Faridpur District,Faridpur District
Nagarkanda,"2 found, use single geocode.","Nagarkanda, Bangladesh",23.4210186,89.8949443,"locality, political",APPROXIMATE,,,,Nagarkanda,Bangladesh,Dhaka Division,Faridpur District,Faridpur District
Sadarpur,"3 found, use single geocode.","Sadarpur Upazila,Bangladesh",23.46642677,90.03646825,"political, sublocality, sublocality_level_2",APPROXIMATE,,,,,Bangladesh,Dhaka Division,Faridpur District,Faridpur District
Saltha,Ok,"Saltha, Bangladesh",23.4328101,89.7825682,"locality, political",APPROXIMATE,,,,Saltha,Bangladesh,Dhaka Division,Faridpur District,Faridpur District
Gazipur-S,Ok,"Gazipur Sadar Upazila, Bangladesh",23.9999322,90.4202176,"administrative_area_level_3, political",APPROXIMATE,,,,,Bangladesh,Dhaka Division,Gazipur District,Gazipur District
Kaliakoir,Ok,"Kaliakair, Bangladesh",24.0694528,90.2221213,"locality, political",APPROXIMATE,,,,Kaliakair,Bangladesh,Dhaka Division,Gazipur District,Gazipur District
Kaliganj,"2 found, use single geocode.","Kaliganj, Bangladesh",23.9644781,90.5730713,"locality, political",APPROXIMATE,,,,Kaliganj,Bangladesh,Dhaka Division,Gazipur District,Gazipur District
Kapasia,"2 found, use single geocode.","Kapasia, Bangladesh",24.1124202,90.5665658,"locality, political",APPROXIMATE,,,,Kapasia,Bangladesh,Dhaka Division,Gazipur District,Gazipur District
Sreepur,Ok,"Sreepur, Bangladesh",24.1996574,90.4809098,"locality, political",APPROXIMATE,,,,Sreepur,Bangladesh,Dhaka Division,Gazipur District,Gazipur District
Gopalganj-S,Ok,"Gopalganj Sadar Upazila, Bangladesh",23.013196,89.8225228,"administrative_area_level_3, political",APPROXIMATE,,,,,Bangladesh,Dhaka Division,Gopalganj District,Gopalganj District
Kasiani,Ok,"Kashiani Upazila, Bangladesh",23.2331635,89.7239244,"administrative_area_level_3, political",APPROXIMATE,,,,,Bangladesh,Dhaka Division,Gopalganj District,Gopalganj District
Kotwalipara,"2 found, use single geocode.","Kotalipara, Bangladesh",22.9892822,90.0279867,"locality, political",APPROXIMATE,,,,Kotalipara,Bangladesh,Dhaka Division,Gopalganj District,Gopalganj District
Muksudpur,"2 found, use single geocode.","Muksudpur, Bangladesh",23.3197792,89.8668809,"locality, political",APPROXIMATE,,,,Muksudpur,Bangladesh,Dhaka Division,Gopalganj District,Gopalganj District
Tungipara,Ok,"Tungipara, Bangladesh",22.9073374,89.8984508,"locality, political",APPROXIMATE,,,,Tungipara,Bangladesh,Dhaka Division,Gopalganj District,Gopalganj District
Austagram,Ok,"Astagram, Bangladesh",24.2795348,91.1185143,"locality, political",APPROXIMATE,,,,Astagram,Bangladesh,Mymensingh Division,Kishoreganj District,Kishoreganj District
Bajitpur,"2 found, use single geocode.","Bajitpur, Bangladesh",24.2137992,90.9522044,"locality, political",APPROXIMATE,,,,Bajitpur,Bangladesh,Mymensingh Division,Kishoreganj District,Kishoreganj District
Bhairab,Ok,"Bhairab, Bangladesh",24.0555274,90.9802452,"locality, political",APPROXIMATE,,,,Bhairab,Bangladesh,Mymensingh Division,Kishoreganj District,Kishoreganj District
Hossainpur,"2 found, use single geocode.","Hossainpur, Bangladesh",24.4174091,90.6547768,"locality, political",APPROXIMATE,,,,Hossainpur,Bangladesh,Mymensingh Division,Kishoreganj District,Kishoreganj District
Itna,"2 found, use single geocode.","Itna, Bangladesh",24.5277311,91.0957418,"locality, political",APPROXIMATE,,,,Itna,Bangladesh,Mymensingh Division,Kishoreganj District,Kishoreganj District
Karimganj,"2 found, use single geocode.","Karimganj Upazila, Bangladesh",24.47411752,90.86555119,"locality, political",APPROXIMATE,,,,Karimganj,Bangladesh,Mymensingh Division,Kishoreganj District,Kishoreganj District
Katiadi,"2 found, use single geocode.","Katiadi, Bangladesh",24.2459071,90.7937015,"locality, political",APPROXIMATE,,,,Katiadi,Bangladesh,Mymensingh Division,Kishoreganj District,Kishoreganj District
Kishoreganj-S,"2 found, use single geocode.","Kishoreganj, Bangladesh",24.4331227,90.7865655,"locality, political",APPROXIMATE,,,,Kishoreganj,Bangladesh,Mymensingh Division,Kishoreganj District,Kishoreganj District
Kuliarchar,"2 found, use single geocode.","Kuliar Char, Bangladesh",24.1367698,90.9116263,"locality, political",APPROXIMATE,,,,Kuliar Char,Bangladesh,Mymensingh Division,Kishoreganj District,Kishoreganj District
Mithamoin,Ok,"Mithamain, Bangladesh",24.4195583,91.0634024,"locality, political",APPROXIMATE,,,,Mithamain,Bangladesh,Mymensingh Division,Kishoreganj District,Kishoreganj District
Nikli,Ok,"Nikli Upazila, Bangladesh",24.3242946,90.9336121,"administrative_area_level_3, political",APPROXIMATE,,,,,Bangladesh,Mymensingh Division,Kishoreganj District,Kishoreganj District
Pakundia,"2 found, use single geocode.","Pakundia, Bangladesh",24.3296584,90.6796767,"locality, political",APPROXIMATE,,,,Pakundia,Bangladesh,Mymensingh Division,Kishoreganj District,Kishoreganj District
Tarail,"2 found, use single geocode.","Tarail, Bangladesh",24.5491179,90.8907562,"locality, political",APPROXIMATE,,,,Tarail,Bangladesh,Mymensingh Division,Kishoreganj District,Kishoreganj District
Kalkini,"2 found, use single geocode.","Kalkini, Bangladesh",23.075497,90.2268113,"locality, political",APPROXIMATE,,,,Kalkini,Bangladesh,Dhaka Division,Madaripur District,Madaripur District
Madaripur-S,Ok,"Madaripur Sadar Upazila, Bangladesh",23.1649342,90.1939114,"administrative_area_level_3, political",APPROXIMATE,,,,,Bangladesh,Dhaka Division,Madaripur District,Madaripur District
Rajoir,Ok,"Rajoir, Bangladesh",23.2066833,90.0489902,"locality, political",APPROXIMATE,,,,Rajoir,Bangladesh,Dhaka Division,Madaripur District,Madaripur District
Shibchar,"2 found, use single geocode.","Shibchar, Bangladesh",23.3346105,90.1869644,"locality, political",APPROXIMATE,,,,Shibchar,Bangladesh,Dhaka Division,Madaripur District,Madaripur District
Daulatpur,"4 found, use single geocode.","Daulatpur, Bangladesh",24.01130512,88.8738099,"locality, political",APPROXIMATE,,,,Daulatpur,Bangladesh,Khulna Division,Kushtia District,Kushtia District
Ghior,"2 found, use single geocode.","Ghior, Bangladesh",23.8970866,89.8715596,"locality, political",APPROXIMATE,,,,Ghior,Bangladesh,Dhaka Division,Manikganj District,Manikganj District
Harirampur,"3 found, use single geocode.","Harirampur, Bangladesh",23.75113576,89.9710116,"political, sublocality, sublocality_level_1",APPROXIMATE,,,,,Bangladesh,Dhaka Division,Manikganj District,Manikganj District
Manikganj-S,"2 found, use single geocode.","Manikganj, Bangladesh",23.8644225,90.004663,"locality, political",APPROXIMATE,,,,Manikganj,Bangladesh,Dhaka Division,Manikganj District,Manikganj District
Saturia,Ok,"Saturia, Bangladesh",23.9729721,90.0361533,"locality, political",APPROXIMATE,,,,Saturia,Bangladesh,Dhaka Division,Dhaka District,Dhaka District
Shivalaya,Ok,"Shivalaya, Bangladesh",23.84711649,89.70552221,"locality, political",APPROXIMATE,,,,Shivalaya,Bangladesh,Dhaka Division,Manikganj District,Manikganj District
Singair,"2 found, use single geocode.","Singair, Bangladesh",23.8136788,90.1460089,"locality, political",APPROXIMATE,,,,Singair,Bangladesh,Dhaka Division,Manikganj District,Manikganj District
Gazaria,"2 found, use single geocode.","Gazaria, Bangladesh",23.5798241,90.6408347,"locality, political",APPROXIMATE,,,,Gazaria,Bangladesh,Dhaka Division,Munshiganj District,Munshiganj District
Lauhajong,"Ok, partial match","Louhajang, Bangladesh",23.4743053,90.3207299,"locality, political",APPROXIMATE,,,,Louhajang,Bangladesh,Dhaka Division,Munshiganj District,Munshiganj District
Munshiganj-S,Ok,"Munshiganj Sadar Upazila, Bangladesh",23.5416259,90.5302758,"administrative_area_level_3, political",APPROXIMATE,,,,,Bangladesh,Dhaka Division,Munshiganj District,Munshiganj District
Sirajdikhan,Ok,"Sirajdikhan Upazila, Bangladesh",23.5961616,90.3936722,"administrative_area_level_3, political",APPROXIMATE,,,,,Bangladesh,Dhaka Division,Munshiganj District,Munshiganj District
Sreenagar,Ok,"Sreenagar Upazila, Bangladesh",23.542889,90.2949729,"administrative_area_level_3, political",APPROXIMATE,,,,,Bangladesh,Dhaka Division,Munshiganj District,Munshiganj District
Tongibari,Ok,"Tongibari, Bangladesh",23.5096549,90.4667501,"locality, political",APPROXIMATE,,,,Tongibari,Bangladesh,Dhaka Division,Munshiganj District,Munshiganj District
Araihazar,Ok,"Araihazar, Bangladesh",23.7916557,90.6535914,"locality, political",APPROXIMATE,,,,Araihazar,Bangladesh,Dhaka Division,Narayanganj District,Narayanganj District
Bandar,"Ok, partial match","Bandar Upazila, Bangladesh",23.63316159,90.53153919,"locality, political",APPROXIMATE,,,,,Bangladesh,Dhaka Division,Narayanganj District,Narayanganj District
Narayanganj-S,Ok,"Narayanganj Sadar Upazila, Bangladesh",23.6237724,90.5001616,"administrative_area_level_3, political",APPROXIMATE,,,,,Bangladesh,Dhaka Division,Narayanganj District,Narayanganj District
Rupganj,"2 found, use single geocode.","Rupganj, Bangladesh",23.8158899,90.5399631,"locality, political",APPROXIMATE,,,,Rupganj,Bangladesh,Dhaka Division,Narayanganj District,Narayanganj District
Sonargaon,Ok,"Sonargaon, Bangladesh",23.6460948,90.5991042,"locality, political",APPROXIMATE,,,,Sonargaon,Bangladesh,Dhaka Division,Narayanganj District,Narayanganj District
Belabo,"3 found, use single geocode.","Belabo, Bangladesh",24.1050631,90.8514464,"locality, political",APPROXIMATE,,,,Belabo,Bangladesh,Dhaka Division,Narsingdi District,Narsingdi District
Monohardi,"2 found, use single geocode.","Monohardi Upazila, Bangladesh",24.1409605,90.7031816,"administrative_area_level_3, political",APPROXIMATE,,,,,Bangladesh,Dhaka Division,Narsingdi District,Narsingdi District
Narshingdi-S,"2 found, use single geocode.","Narsingdi, Bangladesh",23.9192671,90.7176492,"locality, political",APPROXIMATE,,,,Narsingdi,Bangladesh,Dhaka Division,Narsingdi District,Narsingdi District
Palash,No result,"Palash Upazila, Bangladesh",23.93720906,90.65429518,"locality, political",APPROXIMATE,,,,Narsingdi,Bangladesh,Dhaka Division,Narsingdi District,Narsingdi District
Raipura,"2 found, use single geocode.","Raipura Upazila, Bangladesh",23.9944276,90.8718692,"administrative_area_level_3, political",APPROXIMATE,,,,,Bangladesh,Dhaka Division,Narsingdi District,Narsingdi District
Shibpur,Ok,"Shibpur Upazila, Bangladesh",23.98061926,90.75262284,"political, sublocality, sublocality_level_1",APPROXIMATE,,,,Howrah,Bangladesh,Dhaka Division,Narsingdi District,Narsingdi District
Baliakandi,"2 found, use single geocode.","Baliakandi, Bangladesh",23.6346865,89.5474046,"locality, political",APPROXIMATE,,,,Baliakandi,Bangladesh,Dhaka Division,Rajbari District,Rajbari District
Goalanda,Ok,"Goalanda Upazila, Bangladesh",23.7236607,89.7637303,"administrative_area_level_3, political",APPROXIMATE,,,,,Bangladesh,Dhaka Division,Rajbari District,Rajbari District
Kalukhali,Ok,"Kalukhali Upazila, Bangladesh",23.76552523,89.46910333,administrative_area,APPROXIMATE,,,,,Bangladesh,Dhaka Division,Rajbari District,Rajbari District
Pangsha,Ok,"Pangsha, Bangladesh",23.7800218,89.412731,"locality, political",APPROXIMATE,,,,Pangsha,Bangladesh,Dhaka Division,Rajbari District,Rajbari District
Rajbari-S,"2 found, use single geocode.","Rajbari, Bangladesh",23.7638997,89.646737,"locality, political",APPROXIMATE,,,,Rajbari,Bangladesh,Dhaka Division,Rajbari District,Rajbari District
Bhedarganj,"2 found, use single geocode.","Bhedarganj, Bangladesh",23.1971305,90.44552,"locality, political",APPROXIMATE,,,,Bhedarganj,Bangladesh,Dhaka Division,Shariatpur District,Shariatpur District
Damuddya,"2 found, use single geocode.","Damudya, Bangladesh",23.1390793,90.4396248,"locality, political",APPROXIMATE,,,,Damudya,Bangladesh,Dhaka Division,Shariatpur District,Shariatpur District
Goshairhat,Ok,"Gosairhat, Bangladesh",23.0988395,90.4525954,"locality, political",APPROXIMATE,,,,Gosairhat,Bangladesh,Dhaka Division,Shariatpur District,Shariatpur District
Zajira,"Ok, partial match","Zajira Upazila, Bangladesh",23.34158194,90.35862633,"locality, political",APPROXIMATE,,,,,Bangladesh,Dhaka Division,Shariatpur District,Shariatpur District
Naria,"2 found, use single geocode.","Naria, Bangladesh",23.3059073,90.4089838,"locality, political",APPROXIMATE,,,,Naria,Bangladesh,Dhaka Division,Shariatpur District,Shariatpur District
Shariatpur-S,"2 found, use single geocode.","Shariatpur, Bangladesh",23.2197029,90.3501258,"locality, political",APPROXIMATE,,,,Shariatpur,Bangladesh,Dhaka Division,Shariatpur District,Shariatpur District
Basail,Ok,"Basail, Bangladesh",24.2330971,90.0513246,"locality, political",APPROXIMATE,,,,Basail,Bangladesh,Mymensingh Division,Tangail District,Tangail District
Bhuapur,"2 found, use single geocode.","Bhuapur, Bangladesh",24.4662909,89.87039,"locality, political",APPROXIMATE,,,,Bhuapur,Bangladesh,Mymensingh Division,Tangail District,Tangail District
Delduar,"2 found, use single geocode.","Delduar Upazila, Bangladesh",24.1647404,89.9650975,"administrative_area_level_3, political",APPROXIMATE,,,,,Bangladesh,Mymensingh Division,Tangail District,Tangail District
Dhanbari,"2 found, use single geocode.","Dhanbari, Bangladesh",24.6845976,89.9486754,"locality, political",APPROXIMATE,,,,Dhanbari,Bangladesh,Mymensingh Division,Tangail District,Tangail District
Ghatail,"2 found, use single geocode.","Ghatail, Bangladesh",24.4811953,89.9731798,"locality, political",APPROXIMATE,,,,Ghatail,Bangladesh,Mymensingh Division,Tangail District,Tangail District
Gopalpur,Ok,"Gopalpur Upazila, Bangladesh",24.56293569,89.84182889,"locality, political",APPROXIMATE,,,,Gopalpur,Bangladesh,Mymensingh Division,Tangail District,Tangail District
Kalihati,"2 found, use single geocode.","Kalihati, Bangladesh",24.3905945,89.9930052,"locality, political",APPROXIMATE,,,,Kalihati,Bangladesh,Mymensingh Division,Tangail District,Tangail District
Madhupur,"2 found, use single geocode.","Madhupur Upazila,Bangladesh",24.60738843,90.01041662,"locality, political",APPROXIMATE,,,,Madhupur,Bangladesh,Mymensingh Division,Tangail District,Tangail District
Mirzapur,Ok,"Mirzapur Upazila, Bangladesh",24.114888,90.16553405,"locality, political",APPROXIMATE,,,,,Bangladesh,Mymensingh Division,Tangail District,Tangail District
Nagarpur,"2 found, use single geocode.","Nagarpur, Bangladesh",24.0576707,89.8762377,"locality, political",APPROXIMATE,,,,Nagarpur,Bangladesh,Mymensingh Division,Tangail District,Tangail District
Shakhipur,"2 found, use single geocode.","Sakhipur, Bangladesh",24.3191857,90.1752525,"locality, political",APPROXIMATE,,,,Sakhipur,Bangladesh,Mymensingh Division,Tangail District,Tangail District
Tangail-S,Ok,"Tangail, Bangladesh",24.2513451,89.9167104,"locality, political",APPROXIMATE,,,,Tangail,Bangladesh,Mymensingh Division,Tangail District,Tangail District
Bagerhat-S,Ok,"Bagerhat Sadar Upazila, Bangladesh",22.6551429,89.7661665,"administrative_area_level_3, political",APPROXIMATE,,,,,Bangladesh,Khulna Division,Bagerhat District,Bagerhat District
Chitalmari,Ok,"Chitalmari Upazila, Bangladesh",22.7904387,89.8778169,"administrative_area_level_3, political",APPROXIMATE,,,,,Bangladesh,Khulna Division,Bagerhat District,Bagerhat District
Fakirhat,Ok,"Fakirhat, Bangladesh",22.777513,89.7074695,"locality, political",APPROXIMATE,,,,Fakirhat,Bangladesh,Khulna Division,Bagerhat District,Bagerhat District
Kachua,Ok,"Kachua, Bangladesh",23.341144,90.8889678,"locality, political",APPROXIMATE,,,,Kachua,Bangladesh,Chittagong Division,Chandpur District,Chandpur District
Mollahat,"2 found, use single geocode.","Mollahat, Bangladesh",22.9266143,89.8060068,"locality, political",APPROXIMATE,,,,Mollahat,Bangladesh,Khulna Division,Bagerhat District,Bagerhat District
Mongla,"2 found, use single geocode.","Mongla Upazila, Bangladesh",22.54559685,89.47722635,"locality, political",APPROXIMATE,,,,Mongla,Bangladesh,Khulna Division,Bagerhat District,Bagerhat District
Morrelganj,Ok,"Morrelganj, Bangladesh",22.4499409,89.8528416,"locality, political",APPROXIMATE,,,,Morrelganj,Bangladesh,Khulna Division,Bagerhat District,Bagerhat District
Rampal,Ok,"Rampal, Bangladesh",22.583775,89.6722171,"locality, political",APPROXIMATE,,,,Rampal,Bangladesh,Khulna Division,Bagerhat District,Bagerhat District
Sharankhola,Ok,"Sharankhola, Bangladesh",22.3128434,89.8481606,"locality, political",APPROXIMATE,,,,Sharankhola,Bangladesh,Khulna Division,Bagerhat District,Bagerhat District
Alamdanga,Ok,"Alamdanga, Bangladesh",23.7626671,88.9437807,"locality, political",APPROXIMATE,,,,Alamdanga,Bangladesh,Khulna Division,Chuadanga District,Chuadanga District
Chuadanga-S,"2 found, use single geocode.","Chuadanga, Bangladesh",23.6417895,88.8577016,"locality, political",APPROXIMATE,,,,Chuadanga,Bangladesh,Khulna Division,Chuadanga District,Chuadanga District
Damurhuda,"2 found, use single geocode.","Damurhuda, Bangladesh",23.6067377,88.7758503,"locality, political",APPROXIMATE,,,,Damurhuda,Bangladesh,Khulna Division,Chuadanga District,Chuadanga District
Jibannagar,Ok,"Jibannagar, Bangladesh",23.4226037,88.8238996,"locality, political",APPROXIMATE,,,,Jibannagar,Bangladesh,Khulna Division,Chuadanga District,Chuadanga District
Abhaynagar,"2 found, use single geocode.","Abhaynagar Upazila, Bangladesh",23.01556659,89.3143239,"locality, political",APPROXIMATE,,,,,Bangladesh,Khulna Division,Jessore District,Jessore District
Bagherpara,"2 found, use single geocode.","Bagherpara, Bangladesh",23.2172608,89.3487791,"locality, political",APPROXIMATE,,,,Bagherpara,Bangladesh,Khulna Division,Narail District,Narail District
Chowgacha,"3 found, use single geocode.","Chowgacha, Bangladesh",23.2632036,89.020323,"locality, political",APPROXIMATE,,,,Chowgacha,Bangladesh,Khulna Division,Jessore District,Jessore District
Jashore-S,"2 found, use single geocode.","Jessore District, Bangladesh",23.1634014,89.2181664,"administrative_area_level_2, political",APPROXIMATE,,,,,Bangladesh,Khulna Division,Jessore District,Jessore District
Jhikargacha,Ok,"Jhikargacha, Bangladesh",23.0999066,89.0991083,"locality, political",APPROXIMATE,,,,Jhikargacha,Bangladesh,Khulna Division,Jessore District,Jessore District
Keshabpur,"3 found, use single geocode.","Keshabpur, Bangladesh",22.905463,89.2193801,"locality, political",APPROXIMATE,,,,Keshabpur,Bangladesh,Khulna Division,Jessore District,Jessore District
Monirampur,"2 found, use single geocode.","Manirampur Upazila, Bangladesh",23.0242402,89.2326924,"administrative_area_level_3, political",APPROXIMATE,,,,,Bangladesh,Khulna Division,Jessore District,Jessore District
Sharsha,"2 found, use single geocode.","Sharsha Upazila, Bangladesh",23.05287344,88.92659303,"locality, political",APPROXIMATE,,,,Saharsa,Bangladesh,Khulna Division,Jessore District,Jessore District
Harinakunda,"2 found, use single geocode.","Horinakunda, Bangladesh",23.6487722,89.0430191,"locality, political",APPROXIMATE,,,,Horinakunda,Bangladesh,Khulna Division,Jhenaidah District,Jhenaidah District
Jhenaidah-S,"2 found, use single geocode.","Jhenaidah, Bangladesh",23.5528198,89.1753614,"locality, political",APPROXIMATE,,,,Jhenaidah,Bangladesh,Khulna Division,Jhenaidah District,Jhenaidah District
Kaliganj,"2 found, use single geocode.","Kaliganj, Bangladesh",23.9644781,90.5730713,"locality, political",APPROXIMATE,,,,Kaliganj,Bangladesh,Dhaka Division,Gazipur District,Gazipur District
Kotchandpur,Ok,"Kotchandpur, Bangladesh",23.4075287,89.0119581,"locality, political",APPROXIMATE,,,,Kotchandpur,Bangladesh,Khulna Division,Jhenaidah District,Jhenaidah District
Moheshpur,Ok,"Maheshpur Upazila, Bangladesh",23.3598198,88.9171619,"administrative_area_level_3, political",APPROXIMATE,,,,,Bangladesh,Khulna Division,Jhenaidah District,Jhenaidah District
Shailkupa,Ok,"Shailkupa, Bangladesh",23.6840828,89.2419658,"locality, political",APPROXIMATE,,,,Shailkupa,Bangladesh,Khulna Division,Jhenaidah District,Jhenaidah District
Batiaghata,Ok,"Batiaghata, Bangladesh",22.7263608,89.5025641,"locality, political",APPROXIMATE,,,,Batiaghata,Bangladesh,Khulna Division,Khulna District,Khulna District
Dacope,Ok,"Dacope, Bangladesh",22.6012347,89.5072866,"locality, political",APPROXIMATE,,,,Dacope,Bangladesh,Khulna Division,Khulna District,Khulna District
Dighalia,Ok,"Dighalia Upazila, Bangladesh",22.8958119,89.5218474,"administrative_area_level_3, political",APPROXIMATE,,,,,Bangladesh,Khulna Division,Khulna District,Khulna District
Dumuria,"2 found, use single geocode.","Dumuria, Bangladesh",22.8052037,89.4194024,"locality, political",APPROXIMATE,,,,Dumuria,Bangladesh,Khulna Division,Khulna District,Khulna District
Koyra,Ok,"Koyra Upazila, Bangladesh",22.36987379,89.42265484,"locality, political",APPROXIMATE,,,,Koyra,Bangladesh,Khulna Division,Khulna District,Khulna District
Paikgacha,Ok,"Paikgachha, Bangladesh",22.5930919,89.3167649,"locality, political",APPROXIMATE,,,,Paikgachha,Bangladesh,Khulna Division,Khulna District,Khulna District
Phultala,"2 found, use single geocode.","Phultala, Bangladesh",22.9704664,89.4505802,"locality, political",APPROXIMATE,,,,Phultala,Bangladesh,Khulna Division,Khulna District,Khulna District
Rupsha,Ok,"Rupsha Upazila, Bangladesh",22.80619251,89.52902268,"locality, political",APPROXIMATE,,,,,Bangladesh,Khulna Division,Khulna District,Khulna District
Terokhada,Ok,"Terokhada, Bangladesh",22.9353223,89.6675144,"locality, political",APPROXIMATE,,,,Terokhada,Bangladesh,Khulna Division,Khulna District,Khulna District
Bheramara,"2 found, use single geocode.","Bheramara, Bangladesh",24.020975,88.9922341,"locality, political",APPROXIMATE,,,,Bheramara,Bangladesh,Khulna Division,Kushtia District,Kushtia District
Daulatpur,"4 found, use single geocode.","Daulatpur, Bangladesh",23.96538284,89.77911568,"locality, political",APPROXIMATE,,,,Daulatpur,Bangladesh,Dhaka Division,Manikganj District,Manikganj District
Khoksha,Ok,"Khoksha, Bangladesh",23.8033041,89.2894733,"locality, political",APPROXIMATE,,,,Khoksha,Bangladesh,Khulna Division,Kushtia District,Kushtia District
Kumarkhali,Ok,"Kumarkhali, Bangladesh",23.8595814,89.239589,"locality, political",APPROXIMATE,,,,Kumarkhali,Bangladesh,Khulna Division,Kushtia District,Kushtia District
Kushtia-S,"2 found, use single geocode.","Kushtia, Bangladesh",23.9087767,89.1219822,"locality, political",APPROXIMATE,,,,Kushtia,Bangladesh,Khulna Division,Kushtia District,Kushtia District
Mirpur,Ok,"Mirpur Upazila,Bangladesh",23.93171148,88.99486731,"locality, political",APPROXIMATE,,,,Kushtia,Bangladesh,Khulna Division,Kushtia District,Kushtia District
Magura-S,Ok,"Magura District, Bangladesh",23.4289726,89.436391,"administrative_area_level_2, political",APPROXIMATE,,,,,Bangladesh,Khulna Division,Magura District,Magura District
Mohammadpur,"2 found, use single geocode.","Mohammadpur, Dhaka, Bangladesh",23.7661639,90.3588734,"political, sublocality, sublocality_level_1",APPROXIMATE,,,,Dhaka,Bangladesh,Dhaka Division,Dhaka District,Dhaka District
Salikha,"2 found, use single geocode.","Shalikha Upazila, Bangladesh",23.3020599,89.3761228,"administrative_area_level_3, political",APPROXIMATE,,,,,Bangladesh,Khulna Division,Magura District,Magura District
Sreepur,Ok,"Sreepur, Bangladesh",24.1996574,90.4809098,"locality, political",APPROXIMATE,,,,Sreepur,Bangladesh,Dhaka Division,Gazipur District,Gazipur District
Gangni,Ok,"Gangni, Bangladesh",23.8206519,88.7421831,"locality, political",APPROXIMATE,,,,Gangni,Bangladesh,Khulna Division,Meherpur District,Meherpur District
Meherpur-S,"2 found, use single geocode.","Meherpur, Bangladesh",23.7721263,88.631372,"locality, political",APPROXIMATE,,,,Meherpur,Bangladesh,Khulna Division,Meherpur District,Meherpur District
Mujib Nagar,Ok,"Mujibnagar, Bangladesh",23.646846,88.5927608,"locality, political",APPROXIMATE,,,,Mujibnagar,Bangladesh,Khulna Division,Meherpur District,Meherpur District
Kalia,Ok,"Kalia Upazila, Bangladesh",23.04135223,89.75187632,"locality, political",APPROXIMATE,,,,Kalia,Bangladesh,Khulna Division,Narail District,Narail District
Lohagara,"2 found, use single geocode.","Lohagara, Bangladesh",22.0401954,92.1008486,"locality, political",APPROXIMATE,,,,Lohagara,Bangladesh,Chittagong Division,Chittagong District,Chittagong District
Narail-S,Ok,"Narail, Bangladesh",23.1656982,89.4990219,"locality, political",APPROXIMATE,,,,Narail,Bangladesh,Khulna Division,Narail District,Narail District
Assasuni,"2 found, use single geocode.","Assasuni Upazila, Bangladesh",22.5409427,89.1619217,"administrative_area_level_3, political",APPROXIMATE,,,,,Bangladesh,Khulna Division,Satkhira District,Satkhira District
Debhata,Ok,"Debhata, Bangladesh",22.5809462,88.9892448,"locality, political",APPROXIMATE,,,,Debhata,Bangladesh,Khulna Division,Satkhira District,Satkhira District
Kalaroa,"2 found, use single geocode.","Kalaroa, Bangladesh",22.8583135,89.0394363,"locality, political",APPROXIMATE,,,,Kalaroa,Bangladesh,Khulna Division,Satkhira District,Satkhira District
Kaliganj,"2 found, use single geocode.","Kaliganj, Bangladesh",23.9644781,90.5730713,"locality, political",APPROXIMATE,,,,Kaliganj,Bangladesh,Dhaka Division,Gazipur District,Gazipur District
Satkhira-S,Ok,"Satkhira Sadar Upazila, Bangladesh",22.7184973,89.0704787,"administrative_area_level_3, political",APPROXIMATE,,,,,Bangladesh,Khulna Division,Satkhira District,Satkhira District
Shyamnagar,"3 found, use single geocode.","Shyamnagar Upazila,Bangladesh",22.35680885,89.55268997,"political, sublocality, sublocality_level_1",APPROXIMATE,,,,,Bangladesh,Khulna Division,Satkhira District,Satkhira District
Tala,Ok,"Tala Upazila, Bangladesh",22.75706733,89.30819475,"locality, political",APPROXIMATE,,,,,Bangladesh,Khulna Division,Satkhira District,Satkhira District
Bakshiganj,Ok,"Bakshiganj, Bangladesh",25.184411,89.8680506,"locality, political",APPROXIMATE,,,,Bakshiganj,Bangladesh,Mymensingh Division,Jamalpur District,Jamalpur District
Dewanganj,"3 found, use single geocode.","Dewanganj, Bangladesh",25.1529991,89.758231,"locality, political",APPROXIMATE,,,,Dewanganj,Bangladesh,Mymensingh Division,Jamalpur District,Jamalpur District
Islampur,"2 found, use single geocode.","Islampur Upzila, Bangladesh",25.11077148,89.40785724,"locality, political",APPROXIMATE,,,,Islampur,Bangladesh,Mymensingh Division,Jamalpur District,Jamalpur District
Jamalpur-S,"2 found, use single geocode.","Jamalpur, Bangladesh",24.9249785,89.9463408,"locality, political",APPROXIMATE,,,,Jamalpur,Bangladesh,Mymensingh Division,Jamalpur District,Jamalpur District
Madarganj,"2 found, use single geocode.","Madarganj Upazila, Bangladesh",24.9068332,89.7166965,"administrative_area_level_3, political",APPROXIMATE,,,,,Bangladesh,Mymensingh Division,Jamalpur District,Jamalpur District
Melandaha,Ok,"Melandaha Upazila, Bangladesh",24.9391064,24.9391064,"locality, political",APPROXIMATE,,,,,Bangladesh,Mymensingh Division,Jamalpur District,Jamalpur District
Sarishabari,Ok,"Sarishabari, Bangladesh",24.7669433,89.8409152,"locality, political",APPROXIMATE,,,,Sarishabari,Bangladesh,Mymensingh Division,Jamalpur District,Jamalpur District
Bhaluka,"2 found, use single geocode.","Bhaluka, Bangladesh",24.407929,90.3866074,"locality, political",APPROXIMATE,,,,Bhaluka,Bangladesh,Mymensingh Division,Mymensingh District,Mymensingh District
Dhobaura,"2 found, use single geocode.","Dhobaura, Bangladesh",25.0901617,90.5234193,"locality, political",APPROXIMATE,,,,Dhobaura,Bangladesh,Mymensingh Division,Mymensingh District,Mymensingh District
Fulbaria,"2 found, use single geocode.","Fulbaria, Bangladesh",24.6249931,90.266699,"locality, political",APPROXIMATE,,,,Fulbaria,Bangladesh,Mymensingh Division,Mymensingh District,Mymensingh District
Gaffargaon,"2 found, use single geocode.","Gaffargaon, Bangladesh",24.4173244,90.5492309,"locality, political",APPROXIMATE,,,,Gaffargaon,Bangladesh,Mymensingh Division,Mymensingh District,Mymensingh District
Gouripur,"3 found, use single geocode.","Gouripur, Bangladesh",24.7547756,90.5683399,"locality, political",APPROXIMATE,,,,Gouripur,Bangladesh,Mymensingh Division,Mymensingh District,Mymensingh District
Haluaghat,"2 found, use single geocode.","Haluaghat, Bangladesh",25.1218233,90.3407167,"locality, political",APPROXIMATE,,,,Haluaghat,Bangladesh,Mymensingh Division,Mymensingh District,Mymensingh District
Ishwarganj,Ok,"Ishwarganj, Bangladesh",24.6923421,90.5943697,"locality, political",APPROXIMATE,,,,Ishwarganj,Bangladesh,Mymensingh Division,Mymensingh District,Mymensingh District
Muktagacha,Ok,"Muktagacha, Bangladesh",24.7660178,90.2561365,"locality, political",APPROXIMATE,,,,Muktagacha,Bangladesh,Mymensingh Division,Mymensingh District,Mymensingh District
Mymensingh-S,Ok,"Mymensingh Sadar Upazila, Bangladesh",24.7851062,90.3560076,"administrative_area_level_3, political",APPROXIMATE,,,,,Bangladesh,Mymensingh Division,Mymensingh District,Mymensingh District
Nandail,Ok,"Nandail, Bangladesh",24.5687223,90.6903529,"locality, political",APPROXIMATE,,,,Nandail,Bangladesh,Mymensingh Division,Mymensingh District,Mymensingh District
Phulpur,"3 found, use single geocode.","Phulpur Upazila, Bangladesh",24.96208419,90.4480902,"locality, political",APPROXIMATE,,,,Phulpur,Bangladesh,Mymensingh Division,Mymensingh District,Mymensingh District
Tarakanda,Ok,"Tarakanda Upazila, Bangladesh",24.8559556,90.4879916,"administrative_area_level_3, political",APPROXIMATE,,,,,Bangladesh,Mymensingh Division,Mymensingh District,Mymensingh District
Trishal,"2 found, use single geocode.","Trishal, Bangladesh",24.5816585,90.3948498,"locality, political",APPROXIMATE,,,,Trishal,Bangladesh,Mymensingh Division,Mymensingh District,Mymensingh District
Atpara,Ok,"Atpara, Bangladesh",24.8097761,90.8603645,"locality, political",APPROXIMATE,,,,Atpara,Bangladesh,Mymensingh Division,Netrokona District,Netrokona District
Barhatta,"2 found, use single geocode.","Barhatta, Bangladesh",24.8986484,90.8841992,"locality, political",APPROXIMATE,,,,Barhatta,Bangladesh,Mymensingh Division,Netrokona District,Netrokona District
Durgapur,Ok,"Durgapur Upazila, Bangladesh",25.11381238,90.67570211,"locality, political",APPROXIMATE,,,,Durgapur,Bangladesh,Mymensingh Division,Netrokona District,Netrokona District
Kalmakanda,"2 found, use single geocode.","Kalmakanda, Bangladesh",25.0765713,90.8889678,"locality, political",APPROXIMATE,,,,Kalmakanda,Bangladesh,Mymensingh Division,Netrokona District,Netrokona District
Kendua,"3 found, use single geocode.","Kendua, Bangladesh",24.6703752,90.8436885,"locality, political",APPROXIMATE,,,,Kendua,Bangladesh,Mymensingh Division,Netrokona District,Netrokona District
Khaliajuri,"2 found, use single geocode.","Khaliajuri, Bangladesh",24.689261,91.1329034,"locality, political",APPROXIMATE,,,,Khaliajuri,Bangladesh,Mymensingh Division,Netrokona District,Netrokona District
Madan,Ok,"Madan Upazila, Bangladesh",24.71362497,90.94887818,"locality, political",APPROXIMATE,,,,Madan,Bangladesh,Mymensingh Division,Netrokona District,Netrokona District
Mohanganj,"4 found, use single geocode.","Mohanganj, Bangladesh",24.8743218,90.979677,"locality, political",APPROXIMATE,,,,Mohanganj,Bangladesh,Mymensingh Division,Netrokona District,Netrokona District
Netrakona-S,"2 found, use single geocode.","Netrokona, Bangladesh",24.8816911,90.7271479,"locality, political",APPROXIMATE,,,,Netrokona,Bangladesh,Mymensingh Division,Netrokona District,Netrokona District
Purbadhala,"2 found, use single geocode.","Purbadhala, Bangladesh",24.9430683,90.6002879,"locality, political",APPROXIMATE,,,,Purbadhala,Bangladesh,Mymensingh Division,Netrokona District,Netrokona District
Jhenaigati,Ok,"Jhenaigati, Bangladesh",25.1859383,90.0629989,"locality, political",APPROXIMATE,,,,Jhenaigati,Bangladesh,Mymensingh Division,Sherpur District,Sherpur District
Nakla,"2 found, use single geocode.","Nakla, Bangladesh",24.9678951,90.1787657,"locality, political",APPROXIMATE,,,,Nakla,Bangladesh,Mymensingh Division,Sherpur District,Sherpur District
Nalitabari,"2 found, use single geocode.","Nalitabari, Bangladesh",25.0850233,90.1939932,"locality, political",APPROXIMATE,,,,Nalitabari,Bangladesh,Mymensingh Division,Sherpur District,Sherpur District
Sherpur-S,"2 found, use single geocode.","Sherpur, Bangladesh",25.0194045,90.0137328,"locality, political",APPROXIMATE,,,,Sherpur,Bangladesh,Mymensingh Division,Sherpur District,Sherpur District
Sreebordi,Ok,"Sreebardi, Bangladesh",25.147401,89.9393363,"locality, political",APPROXIMATE,,,,Sreebardi,Bangladesh,Mymensingh Division,Sherpur District,Sherpur District
Adamdighi,"2 found, use single geocode.","Adamdighi, Bangladesh",24.8002827,89.0418249,"locality, political",APPROXIMATE,,,,Adamdighi,Bangladesh,Rajshahi Division,Bogra District,Bogra District
Bogura-S,"2 found, use single geocode.","Bogura, Bangladesh",24.848078,89.3729633,"locality, political",APPROXIMATE,,,,Bogura,Bangladesh,Rajshahi Division,Bogra District,Bogra District
Dhunot,Ok,"Dhunat, Bangladesh",24.6779694,89.5403279,"locality, political",APPROXIMATE,,,,Dhunat,Bangladesh,Rajshahi Division,Bogra District,Bogra District
Dhupchancia,"Ok, partial match","Dupchanchia, Bangladesh",24.8812002,89.177742,"locality, political",APPROXIMATE,,,5880,Dupchanchia,Bangladesh,Rajshahi Division,Bogra District,Bogra District
Gabtali,"2 found, use single geocode.","Gabtali Upazila, Bangladesh",24.8794971,89.4553088,"administrative_area_level_3, political",APPROXIMATE,,,,,Bangladesh,Rajshahi Division,Bogra District,Bogra District
Kahaloo,"2 found, use single geocode.","Kahaloo, Bangladesh",24.8282604,89.2681019,"locality, political",APPROXIMATE,,,,Kahaloo,Bangladesh,Rajshahi Division,Bogra District,Bogra District
Nandigram,Ok,"Nandigram, Bangladesh",24.648104,89.24565826,"locality, political",APPROXIMATE,,,,Nandigram,Bangladesh,Rajshahi Division,Bogra District,Bogra District
Sariakandi,Ok,"Sariakandi, Bangladesh",24.8887731,89.5709844,"locality, political",APPROXIMATE,,,,Sariakandi,Bangladesh,Rajshahi Division,Bogra District,Bogra District
Shajahanpur,Ok,"Shajahanpur Upazila, Bangladesh",24.7661428,89.3837983,"administrative_area_level_3, political",APPROXIMATE,,,,,Bangladesh,Rajshahi Division,Bogra District,Bogra District
Sherpur,"2 found, use single geocode.","Sherpur, Bangladesh",25.0194045,90.0137328,"locality, political",APPROXIMATE,,,,Sherpur,Bangladesh,Dhaka Division,Sherpur District,Sherpur District
Shibganj,"3 found, use single geocode.","Shibganj, Bangladesh",25.0005682,89.3203233,"locality, political",APPROXIMATE,,,,Shibganj,Bangladesh,Rajshahi Division,Bogra District,Bogra District
Sonatala,"3 found, use single geocode.","Sonatala, Bangladesh",25.039824,89.4978411,"locality, political",APPROXIMATE,,,,Sonatala,Bangladesh,Rajshahi Division,Bogra District,Bogra District
Bholahat,"2 found, use single geocode.","Bholahat, Bangladesh",24.9456529,88.2278608,"locality, political",APPROXIMATE,,,,Bholahat,Bangladesh,Rajshahi Division,Chapainawabganj District,Chapainawabganj District
Gomostapur,Ok,"Gomastapur Upazila, Bangladesh",24.7933883,88.2897742,"administrative_area_level_3, political",APPROXIMATE,,,,,Bangladesh,Rajshahi Division,Chapainawabganj District,Chapainawabganj District
Nachol,"2 found, use single geocode.","Nachole, Bangladesh",24.7326602,88.4137279,"locality, political",APPROXIMATE,,,,Nachole,Bangladesh,Rajshahi Division,Chapainawabganj District,Chapainawabganj District
Nawabganj-S,"10 found, use single geocode.","Nawabganj, Bangladesh",23.653123,90.1518394,"locality, political",APPROXIMATE,,,,Nawabganj,Bangladesh,Dhaka Division,Dhaka District,Dhaka District
Shibganj,"3 found, use single geocode.","Shibganj, Bangladesh",25.0005682,89.3203233,"locality, political",APPROXIMATE,,,,Shibganj,Bangladesh,Rajshahi Division,Bogra District,Bogra District
Akkelpur,"2 found, use single geocode.","Akkelpur, Bangladesh",24.9692458,89.020323,"locality, political",APPROXIMATE,,,,Akkelpur,Bangladesh,Rajshahi Division,Joypurhat District,Joypurhat District
Joypurhat-S,"2 found, use single geocode.","Joypurhat, Bangladesh",25.0967735,89.0227126,"locality, political",APPROXIMATE,,,,Joypurhat,Bangladesh,Rajshahi Division,Joypurhat District,Joypurhat District
Kalai,Ok,"Kalai Upazila, Bangladesh",25.05824184,89.16970216,"locality, political",APPROXIMATE,,,,Joypurhat,Bangladesh,Rajshahi Division,Joypurhat District,Joypurhat District
Khetlal,Ok,"Khetlal, Bangladesh",25.0380091,89.1086477,"locality, political",APPROXIMATE,,,,Khetlal,Bangladesh,Rajshahi Division,Joypurhat District,Joypurhat District
Panchbibi,"2 found, use single geocode.","Panchbibi, Bangladesh",25.1871644,89.0191281,"locality, political",APPROXIMATE,,,,Panchbibi,Bangladesh,Rajshahi Division,Joypurhat District,Joypurhat District
Atrai,Ok,"Atrai Upazila, Bangladesh",24.62575239,88.98968968,"locality, political",APPROXIMATE,,,,,Bangladesh,Rajshahi Division,Naogaon District,Naogaon District
Badalgachi,Ok,"Badalgachhi, Bangladesh",24.968485,88.9102489,"locality, political",APPROXIMATE,,,,Badalgachhi,Bangladesh,Rajshahi Division,Naogaon District,Naogaon District
Dhamoirhat,Ok,"Dhamoirhat, Bangladesh",25.1503961,88.8515028,"locality, political",APPROXIMATE,,,,Dhamoirhat,Bangladesh,Rajshahi Division,Naogaon District,Naogaon District
Manda,Ok,"Manda Upazila, Bangladesh",24.77549265,88.67006167,"locality, political",APPROXIMATE,,,,Manda,Bangladesh,Rajshahi Division,Naogaon District,Naogaon District
Mohadevpur,Ok,"Mohadevpur, Bangladesh",24.9197919,88.751805,"locality, political",APPROXIMATE,,,,Mohadevpur,Bangladesh,Rajshahi Division,Naogaon District,Naogaon District
Naogaon-S,Ok,"Naogaon Sadar Upazila, Bangladesh",24.7936199,88.9317702,"administrative_area_level_3, political",APPROXIMATE,,,,,Bangladesh,Rajshahi Division,Naogaon District,Naogaon District
Niamatpur,"3 found, use single geocode.","Niamatpur, Bangladesh",24.8336232,88.5698188,"locality, political",APPROXIMATE,,,,Niamatpur,Bangladesh,Rajshahi Division,Naogaon District,Naogaon District
Patnitala,"2 found, use single geocode.","Patnitola, Bangladesh",25.0498111,88.7625023,"locality, political",APPROXIMATE,,,,Patnitola,Bangladesh,Rajshahi Division,Naogaon District,Naogaon District
Porsha,ok,"Porsha Upazila, Bangladesh",25.05255037,88.14616773,"locality, political",APPROXIMATE,,,,,Bangladesh,Rajshahi Division,Naogaon District,Naogaon District
Raninagar,"2 found, use single geocode.","Raninagar Upazila, Bangladesh",24.73835134,88.78585951,"locality, political",APPROXIMATE,,,,Raninagar,Bangladesh,Rajshahi Division,Naogaon District,Naogaon District
Shapahar,"2 found, use single geocode.","Sapahar, Bangladesh",25.1258991,88.587932,"locality, political",APPROXIMATE,,,,Sapahar,Bangladesh,Rajshahi Division,Naogaon District,Naogaon District
Bagatipara,"2 found, use single geocode.","Bagatipara, Bangladesh",24.3024019,88.9641261,"locality, political",APPROXIMATE,,,,Bagatipara,Bangladesh,Rajshahi Division,Natore District,Natore District
Baraigram,"3 found, use single geocode.","Baraigram, Bangladesh",24.3169944,89.1634563,"locality, political",APPROXIMATE,,,,Baraigram,Bangladesh,Rajshahi Division,Natore District,Natore District
Gurudaspur,"3 found, use single geocode.","Gurudaspur Upazila, Bangladesh",24.3683404,89.2331764,"administrative_area_level_3, political",APPROXIMATE,,,,,Bangladesh,Rajshahi Division,Natore District,Natore District
Lalpur,"5 found, use single geocode.","Lalpur Upazila, Bangladesh",24.19965202,88.73770273,"locality, political",APPROXIMATE,,,,,Bangladesh,Rajshahi Division,Natore District,Natore District
Naldanga,"2 found, use single geocode.","Naldanga, Bangladesh",24.4969457,88.9605365,"locality, political",APPROXIMATE,,,,Naldanga,Bangladesh,Rajshahi Division,Natore District,Natore District
Natore-S,Ok,"Natore Sadar Upazila, Bangladesh",24.4084122,88.9750353,"administrative_area_level_3, political",APPROXIMATE,,,,,Bangladesh,Rajshahi Division,Natore District,Natore District
Singra,"4 found, use single geocode.","Singra, Bangladesh",24.4999846,89.1429216,"locality, political",APPROXIMATE,,,,Singra,Bangladesh,Rajshahi Division,Natore District,Natore District
Atghoria,Ok,"Atgharia Upazila, Bangladesh",24.1133788,89.2431288,"administrative_area_level_3, political",APPROXIMATE,,,,,Bangladesh,Rajshahi Division,Pabna District,Pabna District
Bera,"Ok, partial match","Bera Upazila,Bangladesh",24.08067423,89.65307782,"locality, political",APPROXIMATE,,,,,Bangladesh,Rajshahi Division,Pabna District,Pabna District
Bhangura,"2 found, use single geocode.","Bhangura, Bangladesh",24.2080142,89.365369,"locality, political",APPROXIMATE,,,,Bhangura,Bangladesh,Rajshahi Division,Pabna District,Pabna District
Chatmohar,"2 found, use single geocode.","Chatmohar, Bangladesh",24.2268541,89.2904833,"administrative_area_level_3, political",APPROXIMATE,,,,,Bangladesh,Rajshahi Division,Pabna District,Pabna District
Faridpur,"3 found, use single geocode.","Faridpur, Bangladesh",23.6018691,89.8333382,"locality, political",APPROXIMATE,,,,Faridpur,Bangladesh,Dhaka Division,Faridpur District,Faridpur District
Ishwardi,"2 found, use single geocode.","Ishwardi, Bangladesh",24.1292024,89.0657027,"locality, political",APPROXIMATE,,,,Ishwardi,Bangladesh,Rajshahi Division,Pabna District,Pabna District
Pabna-S,Ok,"Pabna Sadar Upazila, Bangladesh",24.0076123,89.2383285,"administrative_area_level_3, political",APPROXIMATE,,,,,Bangladesh,Rajshahi Division,Pabna District,Pabna District
Santhia,"2 found, use single geocode.","Santhia Upazila, Bangladesh",24.05615333,89.53530251,"locality, political",APPROXIMATE,,,,,Bangladesh,Rajshahi Division,Pabna District,Pabna District
Sujanagar,Ok,"Sujanagar, Bangladesh",23.9421529,89.4210136,"locality, political",APPROXIMATE,,,,Sujanagar,Bangladesh,Rajshahi Division,Pabna District,Pabna District
Bagha,"2 found, use single geocode.","Bagha, Bangladesh",24.1974854,88.8371034,"locality, political",APPROXIMATE,,,,Bagha,Bangladesh,Rajshahi Division,Rajshahi District,Rajshahi District
Bagmara,"2 found, use single geocode.","Bagmara, Bangladesh",24.5969612,88.8311022,"locality, political",APPROXIMATE,,,,Bagmara,Bangladesh,Rajshahi Division,Rajshahi District,Rajshahi District
Charghat,"2 found, use single geocode.","Charghat, Bangladesh",24.2785308,88.751805,"locality, political",APPROXIMATE,,,,Charghat,Bangladesh,Rajshahi Division,Rajshahi District,Rajshahi District
Durgapur,Ok,"Durgapur Upazila, Bangladesh","24.444952265029027,",88.76957765,"locality, political",APPROXIMATE,,,,Durgapur,Bangladesh,Rajshahi Division,Rajshahi District,Rajshahi District
Godagari,"2 found, use single geocode.","Godagari, Bangladesh",24.4587229,88.3360765,"locality, political",APPROXIMATE,,,,Godagari,Bangladesh,Rajshahi Division,Rajshahi District,Rajshahi District
Mohanpur,"3 found, use single geocode.","Mohanpur Upazila,Bangladesh",24.55186431,88.45724411,"locality, political",APPROXIMATE,,,,Mohanpur,Bangladesh,Rajshahi Division,Rajshahi District,Rajshahi District
Paba,Ok,"Paba Upazila, Bangladesh",24.43624476,88.64378927,"locality, political",APPROXIMATE,,,,,Bangladesh,Rajshahi Division,Rajshahi District,Rajshahi District
Puthia,"2 found, use single geocode.","Puthia, Bangladesh",24.3638464,88.8366628,"locality, political",APPROXIMATE,,,,Puthia,Bangladesh,Rajshahi Division,Rajshahi District,Rajshahi District
Tanore,"2 found, use single geocode.","Tanore, Bangladesh",24.5873417,88.5746498,"locality, political",APPROXIMATE,,,,Tanore,Bangladesh,Rajshahi Division,Rajshahi District,Rajshahi District
Belkuchi,"2 found, use single geocode.","Belkuchi, Bangladesh",24.2952157,89.6980719,"locality, political",APPROXIMATE,,,,Belkuchi,Bangladesh,Rajshahi Division,Sirajganj District,Sirajganj District
Chauhali,Ok,"Chauhali Upazila, Bangladesh",24.19397695,89.75409479,"locality, political",APPROXIMATE,,,,,Bangladesh,Rajshahi Division,Sirajganj District,Sirajganj District
Kamarkhand,Ok,"Kamarkhanda Upazila, Bangladesh",24.360539,89.6651968,"administrative_area_level_3, political",APPROXIMATE,,,,,Bangladesh,Rajshahi Division,Sirajganj District,Sirajganj District
Kazipur,"3 found, use single geocode.","Kazipur, Bangladesh",24.6544767,89.6345796,"locality, political",APPROXIMATE,,,,Kazipur,Bangladesh,Rajshahi Division,Sirajganj District,Sirajganj District
Raiganj,"2 found, use single geocode.","Raiganj, Bangladesh",24.53266803,89.54493257,"locality, political",APPROXIMATE,,,,Raiganj,Bangladesh,Rajshahi Division,Sirajganj District,Sirajganj District
Shahjadpur,"3 found, use single geocode.","Shahjadpur, Bangladesh",24.17608026,89.60002416,"locality, political",APPROXIMATE,,,,Shahjadpur,Bangladesh,Rajshahi Division,Sirajganj District,Sirajganj District
Sirajganj-S,Ok,"Sirajganj, Bangladesh",24.4526459,89.6816208,"locality, political",APPROXIMATE,,,,Sirajganj,Bangladesh,Rajshahi Division,Sirajganj District,Sirajganj District
Tarash,Ok,"Tarash, Bangladesh",24.4308914,89.3724769,"locality, political",APPROXIMATE,,,,Tarash,Bangladesh,Rajshahi Division,Sirajganj District,Sirajganj District
Ullapara,Ok,"Ullapara Upazila, Bangladesh",24.3174024,89.562204,"administrative_area_level_3, political",APPROXIMATE,,,,,Bangladesh,Rajshahi Division,Sirajganj District,Sirajganj District
Birampur,"2 found, use single geocode.","Birampur, Bangladesh",25.3899463,88.9916363,"locality, political",APPROXIMATE,,,,Birampur,Bangladesh,Rangpur Division,Dinajpur District,Dinajpur District
Birganj,"3 found, use single geocode.","Birganj, Bangladesh",25.8607706,88.6554861,"locality, political",APPROXIMATE,,,,Birganj,Bangladesh,Rangpur Division,Dinajpur District,Dinajpur District
Birol,Ok,"Birol Upazila, Bangladesh",25.63277317,88.55648721,"locality, political",APPROXIMATE,,,,,Bangladesh,Rangpur Division,Dinajpur District,Dinajpur District
Bochaganj,Ok,"Bochaganj, Bangladesh",25.7997217,88.4621891,"locality, political",APPROXIMATE,,,,Bochaganj,Bangladesh,Rangpur Division,Dinajpur District,Dinajpur District
Chirirbandar,Ok,"Chirirbandar, Bangladesh",25.6503373,88.7770522,"locality, political",APPROXIMATE,,,,Chirirbandar,Bangladesh,Rangpur Division,Dinajpur District,Dinajpur District
Dinajpur-S,"2 found, use single geocode.","Dinajpur, Bangladesh",25.6221009,88.6437649,"locality, political",APPROXIMATE,,,,Dinajpur,Bangladesh,Rangpur Division,Dinajpur District,Dinajpur District
Phulbari,"3 found, use single geocode.","Phulbari Upazila,Bangladesh",25.49728252,88.95008198,"locality, political",APPROXIMATE,,,,Phulbari,Bangladesh,Rangpur Division,Dinajpur District,Dinajpur District
Ghoraghat,"2 found, use single geocode.","Ghoraghat Upazila, Bangladesh",25.3006863,89.1808503,"administrative_area_level_3, political",APPROXIMATE,,,,,Bangladesh,Rangpur Division,Dinajpur District,Dinajpur District
Hakimpur,"3 found, use single geocode.","Hakimpur, Bangladesh",25.2745502,89.0131532,"locality, political",APPROXIMATE,,,,Hakimpur,Bangladesh,Rangpur Division,Dinajpur District,Dinajpur District
Kaharol,Ok,"Kaharole Upazila, Bangladesh",25.7937132,88.6011786,"administrative_area_level_3, political",APPROXIMATE,,,,,Bangladesh,Rangpur Division,Dinajpur District,Dinajpur District
Khanshama,Ok,"Khansama, Bangladesh",25.9250154,88.7313557,"locality, political",APPROXIMATE,,,,Khansama,Bangladesh,Rangpur Division,Dinajpur District,Dinajpur District
Nawabganj,"3 found, use single geocode.","Nawabganj, Bangladesh",23.653123,90.1518394,"locality, political",APPROXIMATE,,,,Nawabganj,Bangladesh,Dhaka Division,Dhaka District,Dhaka District
Parbatipur,"2 found, use single geocode.","Parbatipur, Bangladesh",25.6543901,88.9162387,"locality, political",APPROXIMATE,,,,Parbatipur,Bangladesh,Rangpur Division,Dinajpur District,Dinajpur District
Fulchari,Ok,"Fulchhari Upazila, Bangladesh",25.3198082,89.5958514,"administrative_area_level_3, political",APPROXIMATE,,,,,Bangladesh,Rangpur Division,Gaibandha District,Gaibandha District
Gaibandha-S,Ok,"Gaibandha Sadar Upazila, Bangladesh",25.3297044,89.5428879,"administrative_area_level_3, political",APPROXIMATE,,,,,Bangladesh,Rangpur Division,Gaibandha District,Gaibandha District
Gobindaganj,Ok,"Gobindaganj Upazila, Bangladesh",25.1373337,89.38691,"administrative_area_level_3, political",APPROXIMATE,,,,,Bangladesh,Rangpur Division,Gaibandha District,Gaibandha District
Palashbari,"2 found, use single geocode.","Palashbari, Bangladesh",25.2793867,89.3535198,"locality, political",APPROXIMATE,,,,Palashbari,Bangladesh,Rangpur Division,Gaibandha District,Gaibandha District
Sadullapur,"2 found, use single geocode.","Sadullapur, Bangladesh",25.3909385,89.4659462,"locality, political",APPROXIMATE,,,,Sadullapur,Bangladesh,Rangpur Division,Gaibandha District,Gaibandha District
Saghata,"2 found, use single geocode.","Saghata, Bangladesh",25.1231112,89.582769,"locality, political",APPROXIMATE,,,,Saghata,Bangladesh,Rangpur Division,Gaibandha District,Gaibandha District
Sundarganj,Ok,"Sundarganj, Bangladesh",25.5643622,89.5190902,"locality, political",APPROXIMATE,,,,Sundarganj,Bangladesh,Rangpur Division,Gaibandha District,Gaibandha District
Bhurungamari,"2 found, use single geocode.","Bhurungamari, Bangladesh",26.1089774,89.6698658,"locality, political",APPROXIMATE,,,,Bhurungamari,Bangladesh,Rangpur Division,Kurigram District,Kurigram District
Chilmari,Ok,"Chilmari, Bangladesh",25.5810414,89.6616352,"locality, political",APPROXIMATE,,,,Chilmari,Bangladesh,Rangpur Division,Kurigram District,Kurigram District
Phulbari,"3 found, use single geocode.","Phulbari Upazila,Bangladesh",25.94945788,89.5520082,"locality, political",APPROXIMATE,,,,Phulbari,Bangladesh,Rangpur Division,Kurigram District,Kurigram District
Kurigram-S,Ok,"Kurigram Sadar Upazila, Bangladesh",25.8281684,89.6816208,"administrative_area_level_3, political",APPROXIMATE,,,,,Bangladesh,Rangpur Division,Kurigram District,Kurigram District
Nageswari,Ok,"Nageshwari, Bangladesh",25.9642198,89.6957222,"locality, political",APPROXIMATE,,,,Nageshwari,Bangladesh,Rajshahi Division,Kurigram District,Kurigram District
Rajarhat,"2 found, use single geocode.","Rajarhat Upazila, Bangladesh",25.7990489,89.54663928,"locality, political",APPROXIMATE,,,,,Bangladesh,Rangpur Division,Kurigram District,Kurigram District
Rajibpur,"2 found, use single geocode.","Char Rajibpur Upazila, Bangladesh",25.44511,89.7930466,"administrative_area_level_3, political",APPROXIMATE,,,,,Bangladesh,Rangpur Division,Kurigram District,Kurigram District
Rowmari,"3 found, use single geocode.","Rowmari, Bangladesh",25.5754121,89.8306021,"locality, political",APPROXIMATE,,,,Rowmari,Bangladesh,Rangpur Division,Kurigram District,Kurigram District
Ulipur,Ok,"Ulipur, Bangladesh",25.6564202,89.6204562,"locality, political",APPROXIMATE,,,,Ulipur,Bangladesh,Rangpur Division,Kurigram District,Kurigram District
Aditmari,Ok,"Aditmari Upazila, Bangladesh",25.927289,89.3841989,"administrative_area_level_3, political",APPROXIMATE,,,,,Bangladesh,Rangpur Division,Lalmonirhat District,Lalmonirhat District
Hatibandha,"3 found, use single geocode.","Hatibanda, Bangladesh",26.1422221,89.1348697,"locality, political",APPROXIMATE,,,,Hatibanda,Bangladesh,Rajshahi Division,Lalmonirhat District,Lalmonirhat District
Kaliganj,"2 found, use single geocode.","Kaliganj, Bangladesh",23.9644781,90.5730713,"locality, political",APPROXIMATE,,,,Kaliganj,Bangladesh,Dhaka Division,Gazipur District,Gazipur District
Lalmonirhat-S,"2 found, use single geocode.","Lalmonirhat, Bangladesh",25.916198,89.4505802,"locality, political",APPROXIMATE,,,,Lalmonirhat,Bangladesh,Rangpur Division,Lalmonirhat District,Lalmonirhat District
Patgram,Ok,"Patgram, Bangladesh",26.3569512,89.0083726,"locality, political",APPROXIMATE,,,,Patgram,Bangladesh,Rangpur Division,Lalmonirhat District,Lalmonirhat District
Dimla,"2 found, use single geocode.","Dimla, Bangladesh",26.1439608,88.9509626,"locality, political",APPROXIMATE,,,,Dimla,Bangladesh,Rangpur Division,Nilphamari District,Nilphamari District
Domar,Ok,"Domar, Bangladesh",26.1016094,88.8214984,"locality, political",APPROXIMATE,,,,Domar,Bangladesh,Rangpur Division,Nilphamari District,Nilphamari District
Jaldhaka,"2 found, use single geocode.","Jaldhaka Upazila, Bangladesh",26.02279266,89.0214794,"locality, political",APPROXIMATE,,,,,Bangladesh,Rangpur Division,Nilphamari District,Nilphamari District
Kishoreganj,"2 found, use single geocode.","Kishoreganj, Bangladesh",24.4331227,90.7865655,"locality, political",APPROXIMATE,,,,Kishoreganj,Bangladesh,Mymensingh Division,Kishoreganj District,Kishoreganj District
Nilphamari-S,"2 found, use single geocode.","Nilphamari, Bangladesh",25.9362732,88.8407037,"locality, political",APPROXIMATE,,,,Nilphamari,Bangladesh,Rangpur Division,Nilphamari District,Nilphamari District
Sayedpur,Ok,"Saidpur, Bangladesh",25.7829542,88.8982666,"locality, political",APPROXIMATE,,,,Saidpur,Bangladesh,Rangpur Division,Nilphamari District,Nilphamari District
Atwari,"2 found, use single geocode.","Atwari, Bangladesh",26.2365175,88.4137279,"locality, political",APPROXIMATE,,,,Atwari,Bangladesh,Rangpur Division,Panchagarh District,Panchagarh District
Boda,"Ok, partial match","Boda Upazila, Bangladesh",26.20051698,88.5582417,"locality, political",APPROXIMATE,,,,,Bangladesh,Rangpur Division,Panchagarh District,Panchagarh District
Debiganj,"2 found, use single geocode.","Debiganj, Bangladesh",26.1246793,88.7542102,"locality, political",APPROXIMATE,,,,Debiganj,Bangladesh,Rangpur Division,Panchagarh District,Panchagarh District
Panchagarh-S,"2 found, use single geocode.","Panchagarh, Bangladesh",26.335376,88.551698,"locality, political",APPROXIMATE,,,,Panchagarh,Bangladesh,Rangpur Division,Panchagarh District,Panchagarh District
Tetulia,"2 found, use single geocode.","Tetulia, Bangladesh",26.4820491,88.350376,"locality, political",APPROXIMATE,,,,Tetulia,Bangladesh,Rangpur Division,Panchagarh District,Panchagarh District
Badarganj,Ok,"Badarganj, Bangladesh",25.6539681,89.0704766,"locality, political",APPROXIMATE,,,,Badarganj,Bangladesh,Rangpur Division,Rangpur District,Rangpur District
Gangachara,"2 found, use single geocode.","Gangachara, Bangladesh",25.8560233,89.2229471,"locality, political",APPROXIMATE,,,,Gangachara,Bangladesh,Rangpur Division,Rangpur District,Rangpur District
Kaunia,Ok,"Kaunia, Bangladesh",25.7741665,89.4316601,"locality, political",APPROXIMATE,,,,Kaunia,Bangladesh,Rangpur Division,Lalmonirhat District,Lalmonirhat District
Mithapukur,"2 found, use single geocode.","Mithapukur, Durgapur, Bangladesh",25.5722678,89.2799763,"political, sublocality, sublocality_level_1",APPROXIMATE,,,,Durgapur,Bangladesh,Rangpur Division,Rangpur District,Rangpur District
Pirgacha,Ok,"Pirgachha Upazila, Bangladesh",25.657772,89.4055588,"administrative_area_level_3, political",APPROXIMATE,,,,,Bangladesh,Rangpur Division,Rangpur District,Rangpur District
Pirganj,Ok,"Pirganj, Bangladesh",25.4362185,89.3132061,"locality, political",APPROXIMATE,,,,Pirganj,Bangladesh,Rangpur Division,Rangpur District,Rangpur District
Rangpur-S,Ok,"Rangpur, Bangladesh",25.7438916,89.275227,"locality, political",APPROXIMATE,,,,Rangpur,Bangladesh,Rangpur Division,Rangpur District,Rangpur District
Taraganj,Ok,"Taraganj Upazila, Bangladesh",25.8079777,89.0355579,"administrative_area_level_3, political",APPROXIMATE,,,,,Bangladesh,Rangpur Division,Rangpur District,Rangpur District
Baliadangi,"2 found, use single geocode.","Baliadangi, Bangladesh",26.0902338,88.2753144,"locality, political",APPROXIMATE,,,,Baliadangi,Bangladesh,Rangpur Division,Thakurgaon District,Thakurgaon District
Haripur,"2 found, use single geocode.","Haripur Upazila,Bangladesh",25.8444056,88.12315409,"locality, political",APPROXIMATE,,,,,Bangladesh,Rangpur Division,Thakurgaon District,Thakurgaon District
Pirganj,Ok,"Pirganj, Bangladesh",25.4362185,89.3132061,"locality, political",APPROXIMATE,,,,Pirganj,Bangladesh,Rangpur Division,Rangpur District,Rangpur District
Ranisankail,Ok,"Ranisankail, Bangladesh",25.8920465,88.2582857,"locality, political",APPROXIMATE,,,,Ranisankail,Bangladesh,Rangpur Division,Thakurgaon District,Thakurgaon District
Thakurgaon-S,"3 found, use single geocode.","Thakurgaon, Bangladesh",26.0273645,88.4646107,"locality, political",APPROXIMATE,,,,Thakurgaon,Bangladesh,Rangpur Division,Thakurgaon District,Thakurgaon District
Azmiriganj,"Ok, partial match","Ajmiriganj, Bangladesh",24.5489217,91.2361706,"locality, political",APPROXIMATE,,,,Ajmiriganj,Bangladesh,Sylhet Division,Habiganj District,Habiganj District
Bahubal,Ok,"Bahubal, Bangladesh",24.3412478,91.5378109,"locality, political",APPROXIMATE,,,,Bahubal,Bangladesh,Sylhet Division,Habiganj District,Habiganj District
Baniachong,Ok,"Baniachong, Bangladesh",24.5063217,91.3565692,"locality, political",APPROXIMATE,,,,Baniachong,Bangladesh,Sylhet Division,Habiganj District,Habiganj District
Chunarughat,"2 found, use single geocode.","Chunarughat, Bangladesh",24.1973581,91.5172315,"locality, political",APPROXIMATE,,,,Chunarughat,Bangladesh,Sylhet Division,Habiganj District,Habiganj District
Habiganj-S,Ok,"Habiganj, Bangladesh",24.3840055,91.4168974,"locality, political",APPROXIMATE,,,,Habiganj,Bangladesh,Sylhet Division,Habiganj District,Habiganj District
Lakhai,Ok,"Lakhai Upazila, Bangladesh",24.3106095,91.3023677,"administrative_area_level_3, political",APPROXIMATE,,,,,Bangladesh,Sylhet Division,Habiganj District,Habiganj District
Madhabpur,"2 found, use single geocode.","Madhabpur, Bangladesh",24.0998223,91.2963269,"locality, political",APPROXIMATE,,,,Madhabpur,Bangladesh,Sylhet Division,Habiganj District,Habiganj District
Nabiganj,Ok,"Nabiganj, Bangladesh",24.567188,91.5136009,"locality, political",APPROXIMATE,,,,Nabiganj,Bangladesh,Sylhet Division,Habiganj District,Habiganj District
Sayestaganj,Ok,"Shaistaganj, Bangladesh",24.2766967,91.4555525,"locality, political",APPROXIMATE,,,,Shaistaganj,Bangladesh,Sylhet Division,Habiganj District,Habiganj District
Barlekha,"2 found, use single geocode.","Barlekha, Bangladesh",24.707272,92.1917018,"locality, political",APPROXIMATE,,,,Barlekha,Bangladesh,Sylhet Division,Moulvi Bazar District,Moulvi Bazar District
Juri,Ok,"Juri Upazila, Bangladesh",24.61481453,91.941977,"locality, political",APPROXIMATE,,,,Juri,Bangladesh,Sylhet Division,Moulvi Bazar District,Moulvi Bazar District
Kamalganj,"3 found, use single geocode.","Kamalganj Upazila,Bangladesh",24.37011939,91.86100501,"locality, political",APPROXIMATE,,,,Kamalganj,Bangladesh,Sylhet Division,Moulvi Bazar District,Moulvi Bazar District
Kulaura,Ok,"Kulaura, Bangladesh",24.5254644,92.0346665,"locality, political",APPROXIMATE,,,,Kulaura,Bangladesh,Sylhet Division,Moulvi Bazar District,Moulvi Bazar District
Moulvibazar-S,"2 found, use single geocode.","Moulvibazar, Bangladesh",24.4842661,91.768487,"locality, political",APPROXIMATE,,,,Moulvibazar,Bangladesh,Sylhet Division,Moulvi Bazar District,Moulvi Bazar District
Rajnagar,"3 found, use single geocode.","Rajnagar Upazila, Bangladesh",24.53162062,86.1606733,"locality, political",APPROXIMATE,,,,Rajnagar,Bangladesh,Sylhet Division,Moulvi Bazar District,Moulvi Bazar District
Sreemangal,"2 found, use single geocode.","Sreemangal, Bangladesh",24.3065193,91.7295503,"locality, political",APPROXIMATE,,,,Sreemangal,Bangladesh,Sylhet Division,Moulvi Bazar District,Moulvi Bazar District
Biswamvarpur,"Ok, partial match","Bishwamvarpur, Bangladesh",25.0987573,91.299939,"locality, political",APPROXIMATE,,,,Bishwamvarpur,Bangladesh,Sylhet Division,Sunamganj District,Sunamganj District
Chhatak,Ok,"Chhatak Upazila,Bangladesh",25.0417163,91.66643434,"locality, political",APPROXIMATE,,,,,Bangladesh,Sylhet Division,Sunamganj District,Sunamganj District
Dakhin Sunamganj,"Ok, partial match","Dakshin Sunamganj Upazila, Bangladesh",24.9149748,91.4580948,"administrative_area_level_3, political",APPROXIMATE,,,,,Bangladesh,Sylhet Division,Sunamganj District,Sunamganj District
Derai,"2 found, use single geocode.","Derai Upazila, Bangladesh",24.7880558,91.3541756,"administrative_area_level_3, political",APPROXIMATE,,,,,Bangladesh,Sylhet Division,Sunamganj District,Sunamganj District
Dharmapasha,Ok,"Dharmapasha, Bangladesh",24.8993243,91.0119509,"locality, political",APPROXIMATE,,,,Dharmapasha,Bangladesh,Sylhet Division,Sunamganj District,Sunamganj District
Doarabazar,"2 found, use single geocode.","Dowarabazar Upazila, Bangladesh",25.0482866,91.5588062,"administrative_area_level_3, political",APPROXIMATE,,,,,Bangladesh,Sylhet Division,Sunamganj District,Sunamganj District
Jagannathpur,"3 found, use single geocode.","Jagannathpur, Bangladesh",24.7716637,91.5450766,"locality, political",APPROXIMATE,,,,Jagannathpur,Bangladesh,Sylhet Division,Sunamganj District,Sunamganj District
Jamalganj,"2 found, use single geocode.","Jamalganj, Bangladesh",24.9970242,91.2337661,"locality, political",APPROXIMATE,,,,Jamalganj,Bangladesh,Sylhet Division,Sunamganj District,Sunamganj District
Sullah,Ok,"Sullah Upazila, Bangladesh",24.67106106,91.26235483,"locality, political",APPROXIMATE,,,,,Bangladesh,Sylhet Division,Sunamganj District,Sunamganj District
Sunamganj-S,Ok,"Sunamganj Sadar Upazila, Bangladesh",25.0668415,91.4073202,"administrative_area_level_3, political",APPROXIMATE,,,,,Bangladesh,Sylhet Division,Sunamganj District,Sunamganj District
Tahirpur,"2 found, use single geocode.","Tahirpur, Bangladesh",25.0990489,91.1755002,"locality, political",APPROXIMATE,,,,Tahirpur,Bangladesh,Sylhet Division,Sunamganj District,Sunamganj District
Balaganj,"3 found, use single geocode.","Balaganj Upazila, Bangladesh",24.66137764,91.81765232,"locality, political",APPROXIMATE,,,,,Bangladesh,Sylhet Division,Sylhet District,Sylhet District
Beanibazar,Ok,"Beanibazar, Bangladesh",24.8219613,92.1585314,"locality, political",APPROXIMATE,,,,Beanibazar,Bangladesh,Sylhet Division,Sylhet District,Sylhet District
Bishwanath,"2 found, use single geocode.","Bishwanath Upazila, Bangladesh",24.81712833,91.75672024,"locality, political",APPROXIMATE,,,,,Bangladesh,Sylhet Division,Sylhet District,Sylhet District
Companiganj,"2 found, use single geocode.","Companiganj Upazila, Bangladesh",25.08811333,91.7547687,"administrative_area_level_3, political",APPROXIMATE,,,,,Bangladesh,Sylhet Division,Sylhet District,Sylhet District
Dakshin Surma,Ok,"Dakshin Surma Upazila, Bangladesh",24.8149694,91.9051478,"administrative_area_level_3, political",APPROXIMATE,,,,,Bangladesh,Sylhet Division,Sylhet District,Sylhet District
Fenchuganj,"2 found, use single geocode.","Fenchuganj, Bangladesh",24.69583,91.944132,"locality, political",APPROXIMATE,,,,Fenchuganj,Bangladesh,Sylhet Division,Sylhet District,Sylhet District
Golapganj,Ok,"Golapganj, Bangladesh",24.8580629,92.0150758,"locality, political",APPROXIMATE,,,,Golapganj,Bangladesh,Sylhet Division,Sylhet District,Sylhet District
Gowainghat,"2 found, use single geocode.","Gowainghat Upazila, Bangladesh",25.0910204,91.9823324,"administrative_area_level_3, political",APPROXIMATE,,,,,Bangladesh,Sylhet Division,Sylhet District,Sylhet District
Jaintiapur,Ok,"Jaintiapur Upazila, Bangladesh",25.13526894,92.12277387,"locality, political",APPROXIMATE,,,,,Bangladesh,Sylhet Division,Sylhet District,Sylhet District
Kanaighat,Ok,"Kanaighat, Bangladesh",25.0088198,92.2556543,"locality, political",APPROXIMATE,,,,Kanaighat,Bangladesh,Sylhet Division,Sylhet District,Sylhet District
Osmaninagar,Ok,"Osmaninagar, Bangladesh",24.7190186,91.7465808,"locality, political",APPROXIMATE,,,,Osmaninagar,Bangladesh,Sylhet Division,Sylhet District,Sylhet District
Sylhet-S,Ok,"Sylhet Sadar Upazila, Bangladesh",24.8950536,91.8688172,"administrative_area_level_3, political",APPROXIMATE,,,,,Bangladesh,Sylhet Division,Sylhet District,Sylhet District
Zakiganj,Ok,"Zakiganj, Bangladesh",24.8781208,92.3677887,"locality, political",APPROXIMATE,,,,Zakiganj,Bangladesh,Sylhet Division,Sylhet District,Sylhet District
Eidgaon,Ok,"Eidgaon, Bangladesh",21.5527001,92.0683581,"locality, political",APPROXIMATE,,,,Eidgaon,Bangladesh,Chittagong Division,Cox's Bazar District,Cox's Bazar District
Modhyanagar,Ok,"Madhyanagar, Bangladesh",23.9406869,90.8877756,"locality, political",APPROXIMATE,,,,Madhyanagar,Bangladesh,Dhaka Division,Narsingdi District,Narsingdi District
Dashar,OK,"Madaripur, Bangladesh",23.07858467,90.14478711,"locality, political",APPROXIMATE,,,,Madaripur,Bangladesh,Dhaka Division,Madaripur District,Madaripur District
