Name,Latitude,Longitude,Country,Division,District
Amtali,22.1339094,90.2361929,Bangladesh,Barisal Division,Barguna District
Bamna,22.3128887,90.0910316,Bangladesh,Barisal Division,Barguna District
Barguna-S,22.1604747,90.1200741,Bangladesh,Barisal Division,Barguna District
Betagi,22.4141607,90.1658856,Bangladesh,Barisal Division,Barguna District
Patharghata,22.0386917,89.9696802,Bangladesh,Barisal Division,Barguna District
Taltali,21.9850165,90.0863581,Bangladesh,Barisal Division,Barguna District
Agailjhara,22.9713291,90.1635442,Bangladesh,Barisal Division,Barisal District
Babuganj,22.8172374,90.3245891,Bangladesh,Barisal Division,Barisal District
Bakerganj,22.5405454,90.3383648,Bangladesh,Barisal Division,Barisal District
Banaripara,22.7779323,90.1622648,Bangladesh,Barisal Division,Barisal District
Barishal-S,22.7010021,90.3534511,Bangladesh,Barisal Division,Barisal District
Gouranadi,22.974329,90.2220861,Bangladesh,Barisal Division,Barisal District
Hizla,22.92961233,90.44519546,Bangladesh,Barisal Division,Barisal District
Mehendiganj,22.8260701,90.5269639,Bangladesh,Barisal Division,Barisal District
Muladi,22.8875337,90.3889622,Bangladesh,Barisal Division,Barisal District
Uzirpur,22.8192933,90.2502697,Bangladesh,Barisal Division,Barisal District
Bhola-S,22.6854694,90.6439027,Bangladesh,Barisal Division,Bhola District
Borhanuddin,22.4974135,90.716473,Bangladesh,Barisal Division,Bhola District
Charfassion,22.1995354,90.7259605,Bangladesh,Barisal Division,Bhola District
Daulatkhan,22.6051091,90.7413661,Bangladesh,Barisal Division,Bhola District
Lalmohan,22.3410744,90.7318981,Bangladesh,Barisal Division,Bhola District
Monpura,22.26498486,90.96587286,Bangladesh,Barisal Division,Bhola District
Tazumuddin,22.4179785,90.8508345,Bangladesh,Barisal Division,Bhola District
Jhalokathi-S,22.57208,90.1869644,Bangladesh,Barisal Division,Jhalokati District
Kathalia,22.4410253,90.1406316,Bangladesh,Barisal Division,Jhalokati District
Nalchity,22.6282923,90.2688178,Bangladesh,Barisal Division,Jhalokati District
Rajapur,22.57400836,90.14314354,Bangladesh,Barisal Division,Jhalokati District
Bauphal,22.4192529,90.5565138,Bangladesh,Barisal Division,Patuakhali District
Dashmina,22.2791401,90.5683399,Bangladesh,Barisal Division,Patuakhali District
Dumki,22.4644533,90.3842527,Bangladesh,Barisal Division,Patuakhali District
Galachipa,22.1633734,90.4101619,Bangladesh,Barisal Division,Patuakhali District
Kalapara,21.9848767,90.2315018,Bangladesh,Barisal Division,Patuakhali District
Mirzaganj,22.36720772,90.2113579,Bangladesh,Barisal Division,Patuakhali District
Patuakhali-S,22.3587792,90.3452381,Bangladesh,Barisal Division,Patuakhali District
Rangabali,21.9397378,90.4408037,Bangladesh,Barisal Division,Patuakhali District
Bhandaria,22.4832118,90.0591175,Bangladesh,Barisal Division,Pirojpur District
Kawkhali,22.6258092,90.0700051,Bangladesh,Barisal Division,Pirojpur District
Mothbaria,22.2920455,89.9580123,Bangladesh,Barisal Division,Pirojpur District
Nazirpur,22.7867163,89.9813445,Bangladesh,Barisal Division,Pirojpur District
Nesarabad,22.7449644,90.1167463,Bangladesh,Barisal Division,Pirojpur District
Pirojpur-S,22.5841393,89.9720764,Bangladesh,Barisal Division,Pirojpur District
Zianagar,22.4857641,89.9603461,Bangladesh,Barisal Division,Pirojpur District
Kaukhali,22.6258092,90.0700051,Bangladesh,Barisal Division,Pirojpur District
Akhaura,23.8686193,91.2097291,Bangladesh,Chittagong Division,Brahmanbaria District
Ashuganj,24.0277383,90.9964085,Bangladesh,Chittagong Division,Brahmanbaria District
B.Baria-S,23.9608181,91.1115014,Bangladesh,Chittagong Division,Brahmanbaria District
Bancharampur,23.7753335,90.803813,Bangladesh,Chittagong Division,Brahmanbaria District
Bijoynagar,24.0141859,91.2265536,Bangladesh,Chittagong Division,Brahmanbaria District
Kasba,23.74848704,91.12556892,Bangladesh,Chittagong Division,Brahmanbaria District
Nabinagar,23.88868174,90.96052468,Bangladesh,Chittagong Division,Brahmanbaria District
Nasirnagar,24.19575,91.1953135,Bangladesh,Chittagong Division,Brahmanbaria District
Sarail,24.0745179,91.1113216,Bangladesh,Chittagong Division,Brahmanbaria District
Alikadam,21.6530087,92.3147677,Bangladesh,Chittagong Division,Bandarban District
Bandarban-S,22.1935628,92.2187476,Bangladesh,Chittagong Division,Bandarban District
Lama,21.77442345,92.19687089,Bangladesh,Chittagong Division,Bandarban District
Naikhyongchari,21.4269481,92.1757278,Bangladesh,Chittagong Division,Bandarban District
Rowangchari,22.1832381,92.3366846,Bangladesh,Chittagong Division,Bandarban District
Ruma,22.05113211,92.41030187,Bangladesh,Chittagong Division,Bandarban District
Thanchi,21.8210961,92.435696,Bangladesh,Chittagong Division,Bandarban District
Chandpur-S,23.2320991,90.663075,Bangladesh,Chittagong Division,Chandpur District
Faridganj,23.1274882,90.7509045,Bangladesh,Chittagong Division,Chandpur District
Haimchar,23.0595392,90.5919691,Bangladesh,Chittagong Division,Chandpur District
Haziganj,23.2520414,90.8508345,Bangladesh,Chittagong Division,Chandpur District
Kachua,23.341144,90.8889678,Bangladesh,Chittagong Division,Chandpur District
Matlab (Dakshin),23.3449028,90.7091067,Bangladesh,Chittagong Division,Chandpur District
Matlab (Uttar),23.3837473,90.6181279,Bangladesh,Chittagong Division,Chandpur District
Shahrasti,23.2306433,90.9486223,Bangladesh,Chittagong Division,Chandpur District
Anwara,22.2337164,91.8659809,Bangladesh,Chittagong Division,Chittagong District
Banskhali,22.0254192,91.9463185,Bangladesh,Chittagong Division,Chittagong District
Boalkhali,22.3791057,91.9172519,Bangladesh,Chittagong Division,Chittagong District
Chandanish,22.2438942,92.0126276,Bangladesh,Chittagong Division,Chittagong District
Fatikchari,22.7587557,91.7388135,Bangladesh,Chittagong Division,Chittagong District
Hathazari,22.5084634,91.8074586,Bangladesh,Chittagong Division,Chittagong District
Karnaphuli,22.58188252,92.10685573,Bangladesh,Chittagong Division,
Lohagara,22.0401954,92.1008486,Bangladesh,Chittagong Division,Chittagong District
Mirsharai,22.773039,91.5741517,Bangladesh,Chittagong Division,Chittagong District
Patiya,22.2949889,91.9759204,Bangladesh,Chittagong Division,Chittagong District
Rangunia,22.4698078,92.0518154,Bangladesh,Chittagong Division,Chittagong District
Raojan,22.5348906,91.9104006,Bangladesh,Chittagong Division,Chittagong District
Sandwip,22.4937132,91.5015009,Bangladesh,Chittagong Division,
Satkania,22.1000226,92.0812156,Bangladesh,Chittagong Division,Chittagong District
Sitakunda,22.6170686,91.6809283,Bangladesh,Chittagong Division,Chittagong District
Chakoria,21.7250394,92.0469151,Bangladesh,Chittagong Division,Cox's Bazar District
Cox'S Bazar-S,21.4272283,92.0058074,Bangladesh,Chittagong Division,Cox's Bazar District
Kutubdia,21.816667,91.858333,Bangladesh,Chittagong Division,Cox's Bazar District
Moheskhali,21.5373654,91.9417617,Bangladesh,Chittagong Division,Cox's Bazar District
Pekua,21.8327393,91.9573985,Bangladesh,Chittagong Division,Cox's Bazar District
Ramu,21.4380193,92.1253854,Bangladesh,Chittagong Division,Cox's Bazar District
Teknaf,20.8578385,92.2975183,Bangladesh,Chittagong Division,Cox's Bazar District
Ukhiya,21.2446617,92.1389158,Bangladesh,Chittagong Division,Cox's Bazar District
Barura,23.3773279,91.0550222,Bangladesh,Chittagong Division,Comilla District
Brahmanpara,23.6225266,91.1017334,Bangladesh,Chittagong Division,Comilla District
Burichong,23.5534788,91.1266892,Bangladesh,Chittagong Division,Comilla District
Chandina,23.4892481,91.0083637,Bangladesh,Chittagong Division,Comilla District
Chouddagram,23.228035,91.3131861,Bangladesh,Chittagong Division,Comilla District
Cumilla-S,23.4606574,91.1809065,Bangladesh,Chittagong Division,Comilla District
Cumilla-S Daksin,23.4606574,91.1809065,Bangladesh,Chittagong Division,Comilla District
Daudkandi,23.5337738,90.7247008,Bangladesh,Chittagong Division,Comilla District
Debidwar,23.6114537,90.9772874,Bangladesh,Chittagong Division,Comilla District
Homna,23.6824728,90.7832908,Bangladesh,Chittagong Division,Comilla District
Laksham,23.2448524,91.1211746,Bangladesh,Chittagong Division,Comilla District
Lalmai,23.35896369,91.14666095,Bangladesh,Chittagong Division,Comilla District
Meghna,23.62555363,90.70070033,Bangladesh,Chittagong Division,Comilla District
Monohorganj,23.1122951,91.1158319,Bangladesh,Chittagong Division,Comilla District
Muradnagar,23.71489019,90.9439975,Bangladesh,Chittagong Division,Comilla District
Nangalkot,23.1694062,91.1977158,Bangladesh,Chittagong Division,Comilla District
Titas,23.60013341,90.8172896,Bangladesh,Chittagong Division,Comilla District
Chhagalniya,23.0386278,91.5184418,Bangladesh,Chittagong Division,Feni District
Daganbhuiyan,22.9123584,91.3180042,Bangladesh,Chittagong Division,Feni District
Feni,23.02124302,91.3963966,Bangladesh,Chittagong Division,Feni District
Fulgazi,23.1554497,91.4325717,Bangladesh,Chittagong Division,Feni District
Porshuram,23.2134267,91.4446255,Bangladesh,Chittagong Division,Feni District
Sonagazi,22.8491794,91.3927559,Bangladesh,Chittagong Division,Feni District
Dighinala,23.2408468,92.0640687,Bangladesh,Chittagong Division,Khagrachari District
Guimara,22.9603925,91.8695046,Bangladesh,Chittagong Division,Khagrachari District
Khagrachari-S,23.1117407,91.9888247,Bangladesh,Chittagong Division,Khagrachari District
Laxmichari,22.7961681,91.9123664,Bangladesh,Chittagong Division,Khagrachari District
Mahalchari,22.9316977,92.029768,Bangladesh,Chittagong Division,Khagrachari District
Manikchari,22.8417234,91.83671,Bangladesh,Chittagong Division,Khagrachari District
Matiranga,23.0407988,91.8733017,Bangladesh,Chittagong Division,Khagrachari District
Panchari,23.3028702,91.89895546,Bangladesh,Chittagong Division,Khagrachari District
Ramgarh,23.00913955,91.74034963,Bangladesh,Chittagong Division,Khagrachari District
Kamalnagar,22.5931811,90.99394972,Bangladesh,Chittagong Division,Lakshmipur District
Lakshmipur-Sadar,22.95374511,90.86731182,Bangladesh,Chittagong Division,Lakshmipur District
Raipur,23.03671742,90.76076459,Bangladesh,Chittagong Division,Lakshmipur District
Ramganj,23.1001185,90.8627473,Bangladesh,Chittagong Division,Lakshmipur District
Ramgati,22.7451822,90.9318234,Bangladesh,Chittagong Division,Lakshmipur District
Begumganj,22.9319328,91.0921473,Bangladesh,Chittagong Division,Noakhali District
Chatkhil,23.0518075,90.9772874,Bangladesh,Chittagong Division,Noakhali District
Companiganj,22.8736722,91.2779445,Bangladesh,Chittagong Division,Noakhali District
Hatiya,22.2880698,91.1400998,Bangladesh,Chittagong Division,Noakhali District
Kabir Hat,22.7956429,91.1989169,Bangladesh,Chittagong Division,Noakhali District
Noakhali-S,22.8246384,91.1017334,Bangladesh,Chittagong Division,Noakhali District
Senbag,22.9874868,91.2337661,Bangladesh,Chittagong Division,Noakhali District
Sonaimuri,23.0509273,91.1113216,Bangladesh,Chittagong Division,Noakhali District
Subarna Char,22.6755632,91.1256666,Bangladesh,Chittagong Division,Noakhali District
Baghaichari,23.1649165,92.1913643,Bangladesh,Chittagong Division,Rangamati Hill District
Barkal,22.7261595,92.37928328,Bangladesh,Chittagong Division,Rangamati Hill District
Belaichari,22.5117427,92.3436747,Bangladesh,Chittagong Division,Rangamati Hill District
Juraichari,22.6708223,92.3788939,Bangladesh,Chittagong Division,Rangamati Hill District
Kaptai,22.4943822,92.2212071,Bangladesh,Chittagong Division,Rangamati Hill District
Langadu,22.89933,92.153458,Bangladesh,Chittagong Division,Rangamati Hill District
Nanniarchar,22.862167,92.1106617,Bangladesh,Chittagong Division,Rangamati Hill District
Rajosthali,22.3762383,92.1522805,Bangladesh,Chittagong Division,Rangamati Hill District
Rangamati-S,22.6533198,92.1788581,Bangladesh,Chittagong Division,Rangamati Hill District
Kachua,23.341144,90.8889678,Bangladesh,Chittagong Division,Chandpur District
Lohagara,22.0401954,92.1008486,Bangladesh,Chittagong Division,Chittagong District
Eidgaon,21.5527001,92.0683581,Bangladesh,Chittagong Division,Cox's Bazar District
Dhamrai,23.9148319,90.2174318,Bangladesh,Dhaka Division,Dhaka District
Dohar,23.6181867,90.1196695,Bangladesh,Dhaka Division,Manikganj District
Keraniganj,23.7012425,90.3975717,Bangladesh,Dhaka Division,Dhaka District
Nawabganj,23.653123,90.1518394,Bangladesh,Dhaka Division,Dhaka District
Savar,23.8478798,90.2575646,Bangladesh,Dhaka Division,Dhaka District
Alfadanga,23.2897824,89.702771,Bangladesh,Dhaka Division,Faridpur District
Bhanga,23.3853306,89.9836769,Bangladesh,Dhaka Division,Faridpur District
Boalmari,23.3909677,89.6839714,Bangladesh,Dhaka Division,Faridpur District
Charbhadrasan,23.566898,89.995337,Bangladesh,Dhaka Division,Faridpur District
Faridpur-S,23.6018691,89.8333382,Bangladesh,Dhaka Division,Faridpur District
Madhukhali,23.5441366,89.6286955,Bangladesh,Dhaka Division,Faridpur District
Nagarkanda,23.4210186,89.8949443,Bangladesh,Dhaka Division,Faridpur District
Sadarpur,23.46642677,90.03646825,Bangladesh,Dhaka Division,Faridpur District
Saltha,23.4328101,89.7825682,Bangladesh,Dhaka Division,Faridpur District
Gazipur-S,23.9999322,90.4202176,Bangladesh,Dhaka Division,Gazipur District
Kaliakoir,24.0694528,90.2221213,Bangladesh,Dhaka Division,Gazipur District
Kaliganj,23.9644781,90.5730713,Bangladesh,Dhaka Division,Gazipur District
Kapasia,24.1124202,90.5665658,Bangladesh,Dhaka Division,Gazipur District
Sreepur,24.1996574,90.4809098,Bangladesh,Dhaka Division,Gazipur District
Gopalganj-S,23.013196,89.8225228,Bangladesh,Dhaka Division,Gopalganj District
Kasiani,23.2331635,89.7239244,Bangladesh,Dhaka Division,Gopalganj District
Kotwalipara,22.9892822,90.0279867,Bangladesh,Dhaka Division,Gopalganj District
Muksudpur,23.3197792,89.8668809,Bangladesh,Dhaka Division,Gopalganj District
Tungipara,22.9073374,89.8984508,Bangladesh,Dhaka Division,Gopalganj District
Kalkini,23.075497,90.2268113,Bangladesh,Dhaka Division,Madaripur District
Madaripur-S,23.1649342,90.1939114,Bangladesh,Dhaka Division,Madaripur District
Rajoir,23.2066833,90.0489902,Bangladesh,Dhaka Division,Madaripur District
Shibchar,23.3346105,90.1869644,Bangladesh,Dhaka Division,Madaripur District
Ghior,23.8970866,89.8715596,Bangladesh,Dhaka Division,Manikganj District
Harirampur,23.75113576,89.9710116,Bangladesh,Dhaka Division,Manikganj District
Manikganj-S,23.8644225,90.004663,Bangladesh,Dhaka Division,Manikganj District
Saturia,23.9729721,90.0361533,Bangladesh,Dhaka Division,Dhaka District
Shivalaya,23.84711649,89.70552221,Bangladesh,Dhaka Division,Manikganj District
Singair,23.8136788,90.1460089,Bangladesh,Dhaka Division,Manikganj District
Gazaria,23.5798241,90.6408347,Bangladesh,Dhaka Division,Munshiganj District
Lauhajong,23.4743053,90.3207299,Bangladesh,Dhaka Division,Munshiganj District
Munshiganj-S,23.5416259,90.5302758,Bangladesh,Dhaka Division,Munshiganj District
Sirajdikhan,23.5961616,90.3936722,Bangladesh,Dhaka Division,Munshiganj District
Sreenagar,23.542889,90.2949729,Bangladesh,Dhaka Division,Munshiganj District
Tongibari,23.5096549,90.4667501,Bangladesh,Dhaka Division,Munshiganj District
Araihazar,23.7916557,90.6535914,Bangladesh,Dhaka Division,Narayanganj District
Bandar,23.63316159,90.53153919,Bangladesh,Dhaka Division,Narayanganj District
Narayanganj-S,23.6237724,90.5001616,Bangladesh,Dhaka Division,Narayanganj District
Rupganj,23.8158899,90.5399631,Bangladesh,Dhaka Division,Narayanganj District
Sonargaon,23.6460948,90.5991042,Bangladesh,Dhaka Division,Narayanganj District
Belabo,24.1050631,90.8514464,Bangladesh,Dhaka Division,Narsingdi District
Monohardi,24.1409605,90.7031816,Bangladesh,Dhaka Division,Narsingdi District
Narshingdi-S,23.9192671,90.7176492,Bangladesh,Dhaka Division,Narsingdi District
Palash,23.93720906,90.65429518,Bangladesh,Dhaka Division,Narsingdi District
Raipura,23.9944276,90.8718692,Bangladesh,Dhaka Division,Narsingdi District
Shibpur,23.98061926,90.75262284,Bangladesh,Dhaka Division,Narsingdi District
Baliakandi,23.6346865,89.5474046,Bangladesh,Dhaka Division,Rajbari District
Goalanda,23.7236607,89.7637303,Bangladesh,Dhaka Division,Rajbari District
Kalukhali,23.76552523,89.46910333,Bangladesh,Dhaka Division,Rajbari District
Pangsha,23.7800218,89.412731,Bangladesh,Dhaka Division,Rajbari District
Rajbari-S,23.7638997,89.646737,Bangladesh,Dhaka Division,Rajbari District
Bhedarganj,23.1971305,90.44552,Bangladesh,Dhaka Division,Shariatpur District
Damuddya,23.1390793,90.4396248,Bangladesh,Dhaka Division,Shariatpur District
Goshairhat,23.0988395,90.4525954,Bangladesh,Dhaka Division,Shariatpur District
Zajira,23.34158194,90.35862633,Bangladesh,Dhaka Division,Shariatpur District
Naria,23.3059073,90.4089838,Bangladesh,Dhaka Division,Shariatpur District
Shariatpur-S,23.2197029,90.3501258,Bangladesh,Dhaka Division,Shariatpur District
Kaliganj,23.9644781,90.5730713,Bangladesh,Dhaka Division,Gazipur District
Daulatpur,23.96538284,89.77911568,Bangladesh,Dhaka Division,Manikganj District
Mohammadpur,23.7661639,90.3588734,Bangladesh,Dhaka Division,Dhaka District
Sreepur,24.1996574,90.4809098,Bangladesh,Dhaka Division,Gazipur District
Kaliganj,23.9644781,90.5730713,Bangladesh,Dhaka Division,Gazipur District
Sherpur,25.0194045,90.0137328,Bangladesh,Dhaka Division,Sherpur District
Nawabganj-S,23.653123,90.1518394,Bangladesh,Dhaka Division,Dhaka District
Faridpur,23.6018691,89.8333382,Bangladesh,Dhaka Division,Faridpur District
Nawabganj,23.653123,90.1518394,Bangladesh,Dhaka Division,Dhaka District
Kaliganj,23.9644781,90.5730713,Bangladesh,Dhaka Division,Gazipur District
Modhyanagar,23.9406869,90.8877756,Bangladesh,Dhaka Division,Narsingdi District
Dashar,23.07858467,90.14478711,Bangladesh,Dhaka Division,Madaripur District
Daulatpur,24.01130512,88.8738099,Bangladesh,Khulna Division,Kushtia District
Bagerhat-S,22.6551429,89.7661665,Bangladesh,Khulna Division,Bagerhat District
Chitalmari,22.7904387,89.8778169,Bangladesh,Khulna Division,Bagerhat District
Fakirhat,22.777513,89.7074695,Bangladesh,Khulna Division,Bagerhat District
Mollahat,22.9266143,89.8060068,Bangladesh,Khulna Division,Bagerhat District
Mongla,22.54559685,89.47722635,Bangladesh,Khulna Division,Bagerhat District
Morrelganj,22.4499409,89.8528416,Bangladesh,Khulna Division,Bagerhat District
Rampal,22.583775,89.6722171,Bangladesh,Khulna Division,Bagerhat District
Sharankhola,22.3128434,89.8481606,Bangladesh,Khulna Division,Bagerhat District
Alamdanga,23.7626671,88.9437807,Bangladesh,Khulna Division,Chuadanga District
Chuadanga-S,23.6417895,88.8577016,Bangladesh,Khulna Division,Chuadanga District
Damurhuda,23.6067377,88.7758503,Bangladesh,Khulna Division,Chuadanga District
Jibannagar,23.4226037,88.8238996,Bangladesh,Khulna Division,Chuadanga District
Abhaynagar,23.01556659,89.3143239,Bangladesh,Khulna Division,Jessore District
Bagherpara,23.2172608,89.3487791,Bangladesh,Khulna Division,Narail District
Chowgacha,23.2632036,89.020323,Bangladesh,Khulna Division,Jessore District
Jashore-S,23.1634014,89.2181664,Bangladesh,Khulna Division,Jessore District
Jhikargacha,23.0999066,89.0991083,Bangladesh,Khulna Division,Jessore District
Keshabpur,22.905463,89.2193801,Bangladesh,Khulna Division,Jessore District
Monirampur,23.0242402,89.2326924,Bangladesh,Khulna Division,Jessore District
Sharsha,23.05287344,88.92659303,Bangladesh,Khulna Division,Jessore District
Harinakunda,23.6487722,89.0430191,Bangladesh,Khulna Division,Jhenaidah District
Jhenaidah-S,23.5528198,89.1753614,Bangladesh,Khulna Division,Jhenaidah District
Kotchandpur,23.4075287,89.0119581,Bangladesh,Khulna Division,Jhenaidah District
Moheshpur,23.3598198,88.9171619,Bangladesh,Khulna Division,Jhenaidah District
Shailkupa,23.6840828,89.2419658,Bangladesh,Khulna Division,Jhenaidah District
Batiaghata,22.7263608,89.5025641,Bangladesh,Khulna Division,Khulna District
Dacope,22.6012347,89.5072866,Bangladesh,Khulna Division,Khulna District
Dighalia,22.8958119,89.5218474,Bangladesh,Khulna Division,Khulna District
Dumuria,22.8052037,89.4194024,Bangladesh,Khulna Division,Khulna District
Koyra,22.36987379,89.42265484,Bangladesh,Khulna Division,Khulna District
Paikgacha,22.5930919,89.3167649,Bangladesh,Khulna Division,Khulna District
Phultala,22.9704664,89.4505802,Bangladesh,Khulna Division,Khulna District
Rupsha,22.80619251,89.52902268,Bangladesh,Khulna Division,Khulna District
Terokhada,22.9353223,89.6675144,Bangladesh,Khulna Division,Khulna District
Bheramara,24.020975,88.9922341,Bangladesh,Khulna Division,Kushtia District
Khoksha,23.8033041,89.2894733,Bangladesh,Khulna Division,Kushtia District
Kumarkhali,23.8595814,89.239589,Bangladesh,Khulna Division,Kushtia District
Kushtia-S,23.9087767,89.1219822,Bangladesh,Khulna Division,Kushtia District
Mirpur,23.93171148,88.99486731,Bangladesh,Khulna Division,Kushtia District
Magura-S,23.4289726,89.436391,Bangladesh,Khulna Division,Magura District
Salikha,23.3020599,89.3761228,Bangladesh,Khulna Division,Magura District
Gangni,23.8206519,88.7421831,Bangladesh,Khulna Division,Meherpur District
Meherpur-S,23.7721263,88.631372,Bangladesh,Khulna Division,Meherpur District
Mujib Nagar,23.646846,88.5927608,Bangladesh,Khulna Division,Meherpur District
Kalia,23.04135223,89.75187632,Bangladesh,Khulna Division,Narail District
Narail-S,23.1656982,89.4990219,Bangladesh,Khulna Division,Narail District
Assasuni,22.5409427,89.1619217,Bangladesh,Khulna Division,Satkhira District
Debhata,22.5809462,88.9892448,Bangladesh,Khulna Division,Satkhira District
Kalaroa,22.8583135,89.0394363,Bangladesh,Khulna Division,Satkhira District
Satkhira-S,22.7184973,89.0704787,Bangladesh,Khulna Division,Satkhira District
Shyamnagar,22.35680885,89.55268997,Bangladesh,Khulna Division,Satkhira District
Tala,22.75706733,89.30819475,Bangladesh,Khulna Division,Satkhira District
Austagram,24.2795348,91.1185143,Bangladesh,Mymensingh Division,Kishoreganj District
Bajitpur,24.2137992,90.9522044,Bangladesh,Mymensingh Division,Kishoreganj District
Bhairab,24.0555274,90.9802452,Bangladesh,Mymensingh Division,Kishoreganj District
Hossainpur,24.4174091,90.6547768,Bangladesh,Mymensingh Division,Kishoreganj District
Itna,24.5277311,91.0957418,Bangladesh,Mymensingh Division,Kishoreganj District
Karimganj,24.47411752,90.86555119,Bangladesh,Mymensingh Division,Kishoreganj District
Katiadi,24.2459071,90.7937015,Bangladesh,Mymensingh Division,Kishoreganj District
Kishoreganj-S,24.4331227,90.7865655,Bangladesh,Mymensingh Division,Kishoreganj District
Kuliarchar,24.1367698,90.9116263,Bangladesh,Mymensingh Division,Kishoreganj District
Mithamoin,24.4195583,91.0634024,Bangladesh,Mymensingh Division,Kishoreganj District
Nikli,24.3242946,90.9336121,Bangladesh,Mymensingh Division,Kishoreganj District
Pakundia,24.3296584,90.6796767,Bangladesh,Mymensingh Division,Kishoreganj District
Tarail,24.5491179,90.8907562,Bangladesh,Mymensingh Division,Kishoreganj District
Basail,24.2330971,90.0513246,Bangladesh,Mymensingh Division,Tangail District
Bhuapur,24.4662909,89.87039,Bangladesh,Mymensingh Division,Tangail District
Delduar,24.1647404,89.9650975,Bangladesh,Mymensingh Division,Tangail District
Dhanbari,24.6845976,89.9486754,Bangladesh,Mymensingh Division,Tangail District
Ghatail,24.4811953,89.9731798,Bangladesh,Mymensingh Division,Tangail District
Gopalpur,24.56293569,89.84182889,Bangladesh,Mymensingh Division,Tangail District
Kalihati,24.3905945,89.9930052,Bangladesh,Mymensingh Division,Tangail District
Madhupur,24.60738843,90.01041662,Bangladesh,Mymensingh Division,Tangail District
Mirzapur,24.114888,90.16553405,Bangladesh,Mymensingh Division,Tangail District
Nagarpur,24.0576707,89.8762377,Bangladesh,Mymensingh Division,Tangail District
Shakhipur,24.3191857,90.1752525,Bangladesh,Mymensingh Division,Tangail District
Tangail-S,24.2513451,89.9167104,Bangladesh,Mymensingh Division,Tangail District
Bakshiganj,25.184411,89.8680506,Bangladesh,Mymensingh Division,Jamalpur District
Dewanganj,25.1529991,89.758231,Bangladesh,Mymensingh Division,Jamalpur District
Islampur,25.11077148,89.40785724,Bangladesh,Mymensingh Division,Jamalpur District
Jamalpur-S,24.9249785,89.9463408,Bangladesh,Mymensingh Division,Jamalpur District
Madarganj,24.9068332,89.7166965,Bangladesh,Mymensingh Division,Jamalpur District
Melandaha,24.9391064,24.9391064,Bangladesh,Mymensingh Division,Jamalpur District
Sarishabari,24.7669433,89.8409152,Bangladesh,Mymensingh Division,Jamalpur District
Bhaluka,24.407929,90.3866074,Bangladesh,Mymensingh Division,Mymensingh District
Dhobaura,25.0901617,90.5234193,Bangladesh,Mymensingh Division,Mymensingh District
Fulbaria,24.6249931,90.266699,Bangladesh,Mymensingh Division,Mymensingh District
Gaffargaon,24.4173244,90.5492309,Bangladesh,Mymensingh Division,Mymensingh District
Gouripur,24.7547756,90.5683399,Bangladesh,Mymensingh Division,Mymensingh District
Haluaghat,25.1218233,90.3407167,Bangladesh,Mymensingh Division,Mymensingh District
Ishwarganj,24.6923421,90.5943697,Bangladesh,Mymensingh Division,Mymensingh District
Muktagacha,24.7660178,90.2561365,Bangladesh,Mymensingh Division,Mymensingh District
Mymensingh-S,24.7851062,90.3560076,Bangladesh,Mymensingh Division,Mymensingh District
Nandail,24.5687223,90.6903529,Bangladesh,Mymensingh Division,Mymensingh District
Phulpur,24.96208419,90.4480902,Bangladesh,Mymensingh Division,Mymensingh District
Tarakanda,24.8559556,90.4879916,Bangladesh,Mymensingh Division,Mymensingh District
Trishal,24.5816585,90.3948498,Bangladesh,Mymensingh Division,Mymensingh District
Atpara,24.8097761,90.8603645,Bangladesh,Mymensingh Division,Netrokona District
Barhatta,24.8986484,90.8841992,Bangladesh,Mymensingh Division,Netrokona District
Durgapur,25.11381238,90.67570211,Bangladesh,Mymensingh Division,Netrokona District
Kalmakanda,25.0765713,90.8889678,Bangladesh,Mymensingh Division,Netrokona District
Kendua,24.6703752,90.8436885,Bangladesh,Mymensingh Division,Netrokona District
Khaliajuri,24.689261,91.1329034,Bangladesh,Mymensingh Division,Netrokona District
Madan,24.71362497,90.94887818,Bangladesh,Mymensingh Division,Netrokona District
Mohanganj,24.8743218,90.979677,Bangladesh,Mymensingh Division,Netrokona District
Netrakona-S,24.8816911,90.7271479,Bangladesh,Mymensingh Division,Netrokona District
Purbadhala,24.9430683,90.6002879,Bangladesh,Mymensingh Division,Netrokona District
Jhenaigati,25.1859383,90.0629989,Bangladesh,Mymensingh Division,Sherpur District
Nakla,24.9678951,90.1787657,Bangladesh,Mymensingh Division,Sherpur District
Nalitabari,25.0850233,90.1939932,Bangladesh,Mymensingh Division,Sherpur District
Sherpur-S,25.0194045,90.0137328,Bangladesh,Mymensingh Division,Sherpur District
Sreebordi,25.147401,89.9393363,Bangladesh,Mymensingh Division,Sherpur District
Kishoreganj,24.4331227,90.7865655,Bangladesh,Mymensingh Division,Kishoreganj District
Adamdighi,24.8002827,89.0418249,Bangladesh,Rajshahi Division,Bogra District
Bogura-S,24.848078,89.3729633,Bangladesh,Rajshahi Division,Bogra District
Dhunot,24.6779694,89.5403279,Bangladesh,Rajshahi Division,Bogra District
Dhupchancia,24.8812002,89.177742,Bangladesh,Rajshahi Division,Bogra District
Gabtali,24.8794971,89.4553088,Bangladesh,Rajshahi Division,Bogra District
Kahaloo,24.8282604,89.2681019,Bangladesh,Rajshahi Division,Bogra District
Nandigram,24.648104,89.24565826,Bangladesh,Rajshahi Division,Bogra District
Sariakandi,24.8887731,89.5709844,Bangladesh,Rajshahi Division,Bogra District
Shajahanpur,24.7661428,89.3837983,Bangladesh,Rajshahi Division,Bogra District
Shibganj,25.0005682,89.3203233,Bangladesh,Rajshahi Division,Bogra District
Sonatala,25.039824,89.4978411,Bangladesh,Rajshahi Division,Bogra District
Bholahat,24.9456529,88.2278608,Bangladesh,Rajshahi Division,Chapainawabganj District
Gomostapur,24.7933883,88.2897742,Bangladesh,Rajshahi Division,Chapainawabganj District
Nachol,24.7326602,88.4137279,Bangladesh,Rajshahi Division,Chapainawabganj District
Shibganj,25.0005682,89.3203233,Bangladesh,Rajshahi Division,Bogra District
Akkelpur,24.9692458,89.020323,Bangladesh,Rajshahi Division,Joypurhat District
Joypurhat-S,25.0967735,89.0227126,Bangladesh,Rajshahi Division,Joypurhat District
Kalai,25.05824184,89.16970216,Bangladesh,Rajshahi Division,Joypurhat District
Khetlal,25.0380091,89.1086477,Bangladesh,Rajshahi Division,Joypurhat District
Panchbibi,25.1871644,89.0191281,Bangladesh,Rajshahi Division,Joypurhat District
Atrai,24.62575239,88.98968968,Bangladesh,Rajshahi Division,Naogaon District
Badalgachi,24.968485,88.9102489,Bangladesh,Rajshahi Division,Naogaon District
Dhamoirhat,25.1503961,88.8515028,Bangladesh,Rajshahi Division,Naogaon District
Manda,24.77549265,88.67006167,Bangladesh,Rajshahi Division,Naogaon District
Mohadevpur,24.9197919,88.751805,Bangladesh,Rajshahi Division,Naogaon District
Naogaon-S,24.7936199,88.9317702,Bangladesh,Rajshahi Division,Naogaon District
Niamatpur,24.8336232,88.5698188,Bangladesh,Rajshahi Division,Naogaon District
Patnitala,25.0498111,88.7625023,Bangladesh,Rajshahi Division,Naogaon District
Porsha,25.05255037,88.14616773,Bangladesh,Rajshahi Division,Naogaon District
Raninagar,24.73835134,88.78585951,Bangladesh,Rajshahi Division,Naogaon District
Shapahar,25.1258991,88.587932,Bangladesh,Rajshahi Division,Naogaon District
Bagatipara,24.3024019,88.9641261,Bangladesh,Rajshahi Division,Natore District
Baraigram,24.3169944,89.1634563,Bangladesh,Rajshahi Division,Natore District
Gurudaspur,24.3683404,89.2331764,Bangladesh,Rajshahi Division,Natore District
Lalpur,24.19965202,88.73770273,Bangladesh,Rajshahi Division,Natore District
Naldanga,24.4969457,88.9605365,Bangladesh,Rajshahi Division,Natore District
Natore-S,24.4084122,88.9750353,Bangladesh,Rajshahi Division,Natore District
Singra,24.4999846,89.1429216,Bangladesh,Rajshahi Division,Natore District
Atghoria,24.1133788,89.2431288,Bangladesh,Rajshahi Division,Pabna District
Bera,24.08067423,89.65307782,Bangladesh,Rajshahi Division,Pabna District
Bhangura,24.2080142,89.365369,Bangladesh,Rajshahi Division,Pabna District
Chatmohar,24.2268541,89.2904833,Bangladesh,Rajshahi Division,Pabna District
Ishwardi,24.1292024,89.0657027,Bangladesh,Rajshahi Division,Pabna District
Pabna-S,24.0076123,89.2383285,Bangladesh,Rajshahi Division,Pabna District
Santhia,24.05615333,89.53530251,Bangladesh,Rajshahi Division,Pabna District
Sujanagar,23.9421529,89.4210136,Bangladesh,Rajshahi Division,Pabna District
Bagha,24.1974854,88.8371034,Bangladesh,Rajshahi Division,Rajshahi District
Bagmara,24.5969612,88.8311022,Bangladesh,Rajshahi Division,Rajshahi District
Charghat,24.2785308,88.751805,Bangladesh,Rajshahi Division,Rajshahi District
Durgapur,24.444952265029027,88.76957765,Bangladesh,Rajshahi Division,Rajshahi District
Godagari,24.4587229,88.3360765,Bangladesh,Rajshahi Division,Rajshahi District
Mohanpur,24.55186431,88.45724411,Bangladesh,Rajshahi Division,Rajshahi District
Paba,24.43624476,88.64378927,Bangladesh,Rajshahi Division,Rajshahi District
Puthia,24.3638464,88.8366628,Bangladesh,Rajshahi Division,Rajshahi District
Tanore,24.5873417,88.5746498,Bangladesh,Rajshahi Division,Rajshahi District
Belkuchi,24.2952157,89.6980719,Bangladesh,Rajshahi Division,Sirajganj District
Chauhali,24.19397695,89.75409479,Bangladesh,Rajshahi Division,Sirajganj District
Kamarkhand,24.360539,89.6651968,Bangladesh,Rajshahi Division,Sirajganj District
Kazipur,24.6544767,89.6345796,Bangladesh,Rajshahi Division,Sirajganj District
Raiganj,24.53266803,89.54493257,Bangladesh,Rajshahi Division,Sirajganj District
Shahjadpur,24.17608026,89.60002416,Bangladesh,Rajshahi Division,Sirajganj District
Sirajganj-S,24.4526459,89.6816208,Bangladesh,Rajshahi Division,Sirajganj District
Tarash,24.4308914,89.3724769,Bangladesh,Rajshahi Division,Sirajganj District
Ullapara,24.3174024,89.562204,Bangladesh,Rajshahi Division,Sirajganj District
Nageswari,25.9642198,89.6957222,Bangladesh,Rajshahi Division,Kurigram District
Hatibandha,26.1422221,89.1348697,Bangladesh,Rajshahi Division,Lalmonirhat District
Birampur,25.3899463,88.9916363,Bangladesh,Rangpur Division,Dinajpur District
Birganj,25.8607706,88.6554861,Bangladesh,Rangpur Division,Dinajpur District
Birol,25.63277317,88.55648721,Bangladesh,Rangpur Division,Dinajpur District
Bochaganj,25.7997217,88.4621891,Bangladesh,Rangpur Division,Dinajpur District
Chirirbandar,25.6503373,88.7770522,Bangladesh,Rangpur Division,Dinajpur District
Dinajpur-S,25.6221009,88.6437649,Bangladesh,Rangpur Division,Dinajpur District
Phulbari,25.49728252,88.95008198,Bangladesh,Rangpur Division,Dinajpur District
Ghoraghat,25.3006863,89.1808503,Bangladesh,Rangpur Division,Dinajpur District
Hakimpur,25.2745502,89.0131532,Bangladesh,Rangpur Division,Dinajpur District
Kaharol,25.7937132,88.6011786,Bangladesh,Rangpur Division,Dinajpur District
Khanshama,25.9250154,88.7313557,Bangladesh,Rangpur Division,Dinajpur District
Parbatipur,25.6543901,88.9162387,Bangladesh,Rangpur Division,Dinajpur District
Fulchari,25.3198082,89.5958514,Bangladesh,Rangpur Division,Gaibandha District
Gaibandha-S,25.3297044,89.5428879,Bangladesh,Rangpur Division,Gaibandha District
Gobindaganj,25.1373337,89.38691,Bangladesh,Rangpur Division,Gaibandha District
Palashbari,25.2793867,89.3535198,Bangladesh,Rangpur Division,Gaibandha District
Sadullapur,25.3909385,89.4659462,Bangladesh,Rangpur Division,Gaibandha District
Saghata,25.1231112,89.582769,Bangladesh,Rangpur Division,Gaibandha District
Sundarganj,25.5643622,89.5190902,Bangladesh,Rangpur Division,Gaibandha District
Bhurungamari,26.1089774,89.6698658,Bangladesh,Rangpur Division,Kurigram District
Chilmari,25.5810414,89.6616352,Bangladesh,Rangpur Division,Kurigram District
Phulbari,25.94945788,89.5520082,Bangladesh,Rangpur Division,Kurigram District
Kurigram-S,25.8281684,89.6816208,Bangladesh,Rangpur Division,Kurigram District
Rajarhat,25.7990489,89.54663928,Bangladesh,Rangpur Division,Kurigram District
Rajibpur,25.44511,89.7930466,Bangladesh,Rangpur Division,Kurigram District
Rowmari,25.5754121,89.8306021,Bangladesh,Rangpur Division,Kurigram District
Ulipur,25.6564202,89.6204562,Bangladesh,Rangpur Division,Kurigram District
Aditmari,25.927289,89.3841989,Bangladesh,Rangpur Division,Lalmonirhat District
Lalmonirhat-S,25.916198,89.4505802,Bangladesh,Rangpur Division,Lalmonirhat District
Patgram,26.3569512,89.0083726,Bangladesh,Rangpur Division,Lalmonirhat District
Dimla,26.1439608,88.9509626,Bangladesh,Rangpur Division,Nilphamari District
Domar,26.1016094,88.8214984,Bangladesh,Rangpur Division,Nilphamari District
Jaldhaka,26.02279266,89.0214794,Bangladesh,Rangpur Division,Nilphamari District
Nilphamari-S,25.9362732,88.8407037,Bangladesh,Rangpur Division,Nilphamari District
Sayedpur,25.7829542,88.8982666,Bangladesh,Rangpur Division,Nilphamari District
Atwari,26.2365175,88.4137279,Bangladesh,Rangpur Division,Panchagarh District
Boda,26.20051698,88.5582417,Bangladesh,Rangpur Division,Panchagarh District
Debiganj,26.1246793,88.7542102,Bangladesh,Rangpur Division,Panchagarh District
Panchagarh-S,26.335376,88.551698,Bangladesh,Rangpur Division,Panchagarh District
Tetulia,26.4820491,88.350376,Bangladesh,Rangpur Division,Panchagarh District
Badarganj,25.6539681,89.0704766,Bangladesh,Rangpur Division,Rangpur District
Gangachara,25.8560233,89.2229471,Bangladesh,Rangpur Division,Rangpur District
Kaunia,25.7741665,89.4316601,Bangladesh,Rangpur Division,Lalmonirhat District
Mithapukur,25.5722678,89.2799763,Bangladesh,Rangpur Division,Rangpur District
Pirgacha,25.657772,89.4055588,Bangladesh,Rangpur Division,Rangpur District
Pirganj,25.4362185,89.3132061,Bangladesh,Rangpur Division,Rangpur District
Rangpur-S,25.7438916,89.275227,Bangladesh,Rangpur Division,Rangpur District
Taraganj,25.8079777,89.0355579,Bangladesh,Rangpur Division,Rangpur District
Baliadangi,26.0902338,88.2753144,Bangladesh,Rangpur Division,Thakurgaon District
Haripur,25.8444056,88.12315409,Bangladesh,Rangpur Division,Thakurgaon District
Pirganj,25.4362185,89.3132061,Bangladesh,Rangpur Division,Rangpur District
Ranisankail,25.8920465,88.2582857,Bangladesh,Rangpur Division,Thakurgaon District
Thakurgaon-S,26.0273645,88.4646107,Bangladesh,Rangpur Division,Thakurgaon District
Azmiriganj,24.5489217,91.2361706,Bangladesh,Sylhet Division,Habiganj District
Bahubal,24.3412478,91.5378109,Bangladesh,Sylhet Division,Habiganj District
Baniachong,24.5063217,91.3565692,Bangladesh,Sylhet Division,Habiganj District
Chunarughat,24.1973581,91.5172315,Bangladesh,Sylhet Division,Habiganj District
Habiganj-S,24.3840055,91.4168974,Bangladesh,Sylhet Division,Habiganj District
Lakhai,24.3106095,91.3023677,Bangladesh,Sylhet Division,Habiganj District
Madhabpur,24.0998223,91.2963269,Bangladesh,Sylhet Division,Habiganj District
Nabiganj,24.567188,91.5136009,Bangladesh,Sylhet Division,Habiganj District
Sayestaganj,24.2766967,91.4555525,Bangladesh,Sylhet Division,Habiganj District
Barlekha,24.707272,92.1917018,Bangladesh,Sylhet Division,Moulvi Bazar District
Juri,24.61481453,91.941977,Bangladesh,Sylhet Division,Moulvi Bazar District
Kamalganj,24.37011939,91.86100501,Bangladesh,Sylhet Division,Moulvi Bazar District
Kulaura,24.5254644,92.0346665,Bangladesh,Sylhet Division,Moulvi Bazar District
Moulvibazar-S,24.4842661,91.768487,Bangladesh,Sylhet Division,Moulvi Bazar District
Rajnagar,24.53162062,86.1606733,Bangladesh,Sylhet Division,Moulvi Bazar District
Sreemangal,24.3065193,91.7295503,Bangladesh,Sylhet Division,Moulvi Bazar District
Biswamvarpur,25.0987573,91.299939,Bangladesh,Sylhet Division,Sunamganj District
Chhatak,25.0417163,91.66643434,Bangladesh,Sylhet Division,Sunamganj District
Dakhin Sunamganj,24.9149748,91.4580948,Bangladesh,Sylhet Division,Sunamganj District
Derai,24.7880558,91.3541756,Bangladesh,Sylhet Division,Sunamganj District
Dharmapasha,24.8993243,91.0119509,Bangladesh,Sylhet Division,Sunamganj District
Doarabazar,25.0482866,91.5588062,Bangladesh,Sylhet Division,Sunamganj District
Jagannathpur,24.7716637,91.5450766,Bangladesh,Sylhet Division,Sunamganj District
Jamalganj,24.9970242,91.2337661,Bangladesh,Sylhet Division,Sunamganj District
Sullah,24.67106106,91.26235483,Bangladesh,Sylhet Division,Sunamganj District
Sunamganj-S,25.0668415,91.4073202,Bangladesh,Sylhet Division,Sunamganj District
Tahirpur,25.0990489,91.1755002,Bangladesh,Sylhet Division,Sunamganj District
Balaganj,24.66137764,91.81765232,Bangladesh,Sylhet Division,Sylhet District
Beanibazar,24.8219613,92.1585314,Bangladesh,Sylhet Division,Sylhet District
Bishwanath,24.81712833,91.75672024,Bangladesh,Sylhet Division,Sylhet District
Companiganj,25.08811333,91.7547687,Bangladesh,Sylhet Division,Sylhet District
Dakshin Surma,24.8149694,91.9051478,Bangladesh,Sylhet Division,Sylhet District
Fenchuganj,24.69583,91.944132,Bangladesh,Sylhet Division,Sylhet District
Golapganj,24.8580629,92.0150758,Bangladesh,Sylhet Division,Sylhet District
Gowainghat,25.0910204,91.9823324,Bangladesh,Sylhet Division,Sylhet District
Jaintiapur,25.13526894,92.12277387,Bangladesh,Sylhet Division,Sylhet District
Kanaighat,25.0088198,92.2556543,Bangladesh,Sylhet Division,Sylhet District
Osmaninagar,24.7190186,91.7465808,Bangladesh,Sylhet Division,Sylhet District
Sylhet-S,24.8950536,91.8688172,Bangladesh,Sylhet Division,Sylhet District
Zakiganj,24.8781208,92.3677887,Bangladesh,Sylhet Division,Sylhet District
